PROJECT,DATE,COUNT
kedro-airflow,2025-05-13,109
kedro-azureml,2025-05-13,23
kedro-boot,2025-05-13,15
kedro-databricks,2025-05-13,93
kedro-docker,2025-05-13,565
kedro-kubeflow,2025-05-13,1
kedro-mlflow,2025-05-13,1663
kedro-sagemaker,2025-05-13,5
kedro-vertexai,2025-05-13,6
kedro-airflow,2025-05-14,235
kedro-azureml,2025-05-14,54
kedro-boot,2025-05-14,79
kedro-databricks,2025-05-14,226
kedro-docker,2025-05-14,614
kedro-kubeflow,2025-05-14,43
kedro-mlflow,2025-05-14,2138
kedro-sagemaker,2025-05-14,29
kedro-vertexai,2025-05-14,35
kedro-airflow,2025-05-15,222
kedro-azureml,2025-05-15,144
kedro-boot,2025-05-15,55
kedro-databricks,2025-05-15,187
kedro-docker,2025-05-15,590
kedro-kubeflow,2025-05-15,35
kedro-mlflow,2025-05-15,1863
kedro-sagemaker,2025-05-15,41
kedro-vertexai,2025-05-15,43
kedro-airflow,2025-05-16,201
kedro-azureml,2025-05-16,31
kedro-boot,2025-05-16,87
kedro-databricks,2025-05-16,94
kedro-docker,2025-05-16,364
kedro-kubeflow,2025-05-16,2
kedro-mlflow,2025-05-16,2597
kedro-sagemaker,2025-05-16,17
kedro-vertexai,2025-05-16,33
kedro-airflow,2025-05-17,54
kedro-azureml,2025-05-17,17
kedro-boot,2025-05-17,6
kedro-databricks,2025-05-17,23
kedro-docker,2025-05-17,15
kedro-kubeflow,2025-05-17,6
kedro-mlflow,2025-05-17,746
kedro-sagemaker,2025-05-17,8
kedro-vertexai,2025-05-17,8
kedro-airflow,2025-05-18,73
kedro-azureml,2025-05-18,30
kedro-boot,2025-05-18,25
kedro-databricks,2025-05-18,94
kedro-docker,2025-05-18,188
kedro-kubeflow,2025-05-18,23
kedro-mlflow,2025-05-18,885
kedro-sagemaker,2025-05-18,23
kedro-vertexai,2025-05-18,28
kedro-airflow,2025-05-19,117
kedro-azureml,2025-05-19,75
kedro-boot,2025-05-19,36
kedro-databricks,2025-05-19,76
kedro-docker,2025-05-19,198
kedro-kubeflow,2025-05-19,2
kedro-mlflow,2025-05-19,2100
kedro-sagemaker,2025-05-19,3
kedro-vertexai,2025-05-19,7
kedro-airflow,2025-05-20,167
kedro-azureml,2025-05-20,52
kedro-boot,2025-05-20,43
kedro-databricks,2025-05-20,96
kedro-docker,2025-05-20,139
kedro-kubeflow,2025-05-20,3
kedro-mlflow,2025-05-20,1990
kedro-sagemaker,2025-05-20,33
kedro-vertexai,2025-05-20,16
kedro-airflow,2025-05-21,152
kedro-azureml,2025-05-21,30
kedro-boot,2025-05-21,93
kedro-databricks,2025-05-21,88
kedro-docker,2025-05-21,103
kedro-kubeflow,2025-05-21,16
kedro-mlflow,2025-05-21,2126
kedro-sagemaker,2025-05-21,7
kedro-vertexai,2025-05-21,12
kedro-airflow,2025-05-22,258
kedro-azureml,2025-05-22,68
kedro-boot,2025-05-22,62
kedro-databricks,2025-05-22,61
kedro-docker,2025-05-22,140
kedro-kubeflow,2025-05-22,35
kedro-mlflow,2025-05-22,1981
kedro-sagemaker,2025-05-22,1
kedro-vertexai,2025-05-22,23
kedro-airflow,2025-05-23,254
kedro-azureml,2025-05-23,18
kedro-boot,2025-05-23,17
kedro-databricks,2025-05-23,84
kedro-docker,2025-05-23,159
kedro-mlflow,2025-05-23,2287
kedro-sagemaker,2025-05-23,23
kedro-vertexai,2025-05-23,4
kedro-airflow,2025-05-24,115
kedro-azureml,2025-05-24,18
kedro-boot,2025-05-24,15
kedro-databricks,2025-05-24,76
kedro-docker,2025-05-24,59
kedro-kubeflow,2025-05-24,7
kedro-mlflow,2025-05-24,1255
kedro-sagemaker,2025-05-24,7
kedro-vertexai,2025-05-24,10
kedro-airflow,2025-05-25,111
kedro-azureml,2025-05-25,10
kedro-boot,2025-05-25,1
kedro-databricks,2025-05-25,6
kedro-docker,2025-05-25,72
kedro-mlflow,2025-05-25,1223
kedro-sagemaker,2025-05-25,2
kedro-vertexai,2025-05-25,2
kedro-airflow,2025-05-26,179
kedro-azureml,2025-05-26,9
kedro-boot,2025-05-26,33
kedro-databricks,2025-05-26,101
kedro-docker,2025-05-26,159
kedro-kubeflow,2025-05-26,1
kedro-mlflow,2025-05-26,2780
kedro-sagemaker,2025-05-26,17
kedro-vertexai,2025-05-26,12
kedro-airflow,2025-05-27,254
kedro-azureml,2025-05-27,20
kedro-boot,2025-05-27,25
kedro-databricks,2025-05-27,64
kedro-docker,2025-05-27,208
kedro-kubeflow,2025-05-27,13
kedro-mlflow,2025-05-27,4698
kedro-sagemaker,2025-05-27,3
kedro-vertexai,2025-05-27,3
kedro-airflow,2025-05-28,256
kedro-azureml,2025-05-28,67
kedro-boot,2025-05-28,59
kedro-databricks,2025-05-28,106
kedro-docker,2025-05-28,123
kedro-kubeflow,2025-05-28,36
kedro-mlflow,2025-05-28,2805
kedro-sagemaker,2025-05-28,14
kedro-vertexai,2025-05-28,31
kedro-airflow,2025-05-29,417
kedro-azureml,2025-05-29,30
kedro-boot,2025-05-29,32
kedro-databricks,2025-05-29,17
kedro-docker,2025-05-29,97
kedro-kubeflow,2025-05-29,12
kedro-mlflow,2025-05-29,1527
kedro-sagemaker,2025-05-29,9
kedro-vertexai,2025-05-29,18
kedro-airflow,2025-05-30,257
kedro-azureml,2025-05-30,63
kedro-boot,2025-05-30,42
kedro-databricks,2025-05-30,87
kedro-docker,2025-05-30,127
kedro-kubeflow,2025-05-30,35
kedro-mlflow,2025-05-30,2433
kedro-sagemaker,2025-05-30,15
kedro-vertexai,2025-05-30,32
kedro-airflow,2025-05-31,170
kedro-azureml,2025-05-31,37
kedro-boot,2025-05-31,19
kedro-databricks,2025-05-31,71
kedro-docker,2025-05-31,54
kedro-kubeflow,2025-05-31,35
kedro-mlflow,2025-05-31,856
kedro-sagemaker,2025-05-31,15
kedro-vertexai,2025-05-31,25
kedro-airflow,2025-06-01,170
kedro-azureml,2025-06-01,7
kedro-boot,2025-06-01,2
kedro-databricks,2025-06-01,7
kedro-docker,2025-06-01,27
kedro-kubeflow,2025-06-01,1
kedro-mlflow,2025-06-01,1687
kedro-airflow,2025-06-02,290
kedro-azureml,2025-06-02,22
kedro-boot,2025-06-02,35
kedro-databricks,2025-06-02,73
kedro-docker,2025-06-02,167
kedro-kubeflow,2025-06-02,8
kedro-mlflow,2025-06-02,2331
kedro-sagemaker,2025-06-02,3
kedro-vertexai,2025-06-02,13
kedro-airflow,2025-06-03,298
kedro-azureml,2025-06-03,109
kedro-boot,2025-06-03,64
kedro-databricks,2025-06-03,131
kedro-docker,2025-06-03,215
kedro-kubeflow,2025-06-03,57
kedro-mlflow,2025-06-03,5173
kedro-sagemaker,2025-06-03,12
kedro-vertexai,2025-06-03,37
kedro-airflow,2025-06-04,502
kedro-azureml,2025-06-04,47
kedro-boot,2025-06-04,62
kedro-databricks,2025-06-04,121
kedro-docker,2025-06-04,125
kedro-kubeflow,2025-06-04,4
kedro-mlflow,2025-06-04,2244
kedro-sagemaker,2025-06-04,4
kedro-vertexai,2025-06-04,22
kedro-airflow,2025-06-05,399
kedro-azureml,2025-06-05,46
kedro-boot,2025-06-05,87
kedro-databricks,2025-06-05,99
kedro-docker,2025-06-05,144
kedro-kubeflow,2025-06-05,37
kedro-mlflow,2025-06-05,2695
kedro-sagemaker,2025-06-05,24
kedro-vertexai,2025-06-05,46
kedro-airflow,2025-06-06,435
kedro-azureml,2025-06-06,63
kedro-boot,2025-06-06,96
kedro-databricks,2025-06-06,120
kedro-docker,2025-06-06,185
kedro-kubeflow,2025-06-06,66
kedro-mlflow,2025-06-06,1521
kedro-sagemaker,2025-06-06,32
kedro-vertexai,2025-06-06,39
kedro-airflow,2025-06-07,156
kedro-azureml,2025-06-07,10
kedro-boot,2025-06-07,6
kedro-databricks,2025-06-07,4
kedro-docker,2025-06-07,27
kedro-mlflow,2025-06-07,805
kedro-vertexai,2025-06-07,13
kedro-airflow,2025-06-08,189
kedro-azureml,2025-06-08,54
kedro-boot,2025-06-08,17
kedro-databricks,2025-06-08,109
kedro-docker,2025-06-08,56
kedro-kubeflow,2025-06-08,35
kedro-mlflow,2025-06-08,866
kedro-sagemaker,2025-06-08,28
kedro-vertexai,2025-06-08,32
kedro-airflow,2025-06-09,353
kedro-azureml,2025-06-09,56
kedro-boot,2025-06-09,55
kedro-databricks,2025-06-09,93
kedro-docker,2025-06-09,154
kedro-kubeflow,2025-06-09,64
kedro-mlflow,2025-06-09,1627
kedro-sagemaker,2025-06-09,58
kedro-vertexai,2025-06-09,74
kedro-airflow,2025-06-10,472
kedro-azureml,2025-06-10,66
kedro-boot,2025-06-10,74
kedro-databricks,2025-06-10,150
kedro-docker,2025-06-10,468
kedro-kubeflow,2025-06-10,49
kedro-mlflow,2025-06-10,2019
kedro-sagemaker,2025-06-10,19
kedro-vertexai,2025-06-10,43
kedro-airflow,2025-06-11,482
kedro-azureml,2025-06-11,68
kedro-boot,2025-06-11,87
kedro-databricks,2025-06-11,213
kedro-docker,2025-06-11,298
kedro-kubeflow,2025-06-11,35
kedro-mlflow,2025-06-11,2022
kedro-sagemaker,2025-06-11,31
kedro-vertexai,2025-06-11,62
kedro-airflow,2025-06-12,289
kedro-azureml,2025-06-12,17
kedro-boot,2025-06-12,51
kedro-databricks,2025-06-12,51
kedro-docker,2025-06-12,181
kedro-kubeflow,2025-06-12,13
kedro-mlflow,2025-06-12,2529
kedro-sagemaker,2025-06-12,4
kedro-vertexai,2025-06-12,29
kedro-airflow,2025-06-13,198
kedro-azureml,2025-06-13,13
kedro-boot,2025-06-13,35
kedro-databricks,2025-06-13,275
kedro-docker,2025-06-13,191
kedro-kubeflow,2025-06-13,1
kedro-mlflow,2025-06-13,5461
kedro-sagemaker,2025-06-13,27
kedro-vertexai,2025-06-13,10
kedro-airflow,2025-06-14,115
kedro-azureml,2025-06-14,54
kedro-boot,2025-06-14,21
kedro-databricks,2025-06-14,342
kedro-docker,2025-06-14,102
kedro-kubeflow,2025-06-14,45
kedro-mlflow,2025-06-14,974
kedro-sagemaker,2025-06-14,21
kedro-vertexai,2025-06-14,33
kedro-airflow,2025-06-15,128
kedro-azureml,2025-06-15,4
kedro-databricks,2025-06-15,49
kedro-docker,2025-06-15,47
kedro-kubeflow,2025-06-15,1
kedro-mlflow,2025-06-15,937
kedro-sagemaker,2025-06-15,2
kedro-vertexai,2025-06-15,6
kedro-airflow,2025-06-16,254
kedro-azureml,2025-06-16,60
kedro-boot,2025-06-16,60
kedro-databricks,2025-06-16,163
kedro-docker,2025-06-16,207
kedro-kubeflow,2025-06-16,40
kedro-mlflow,2025-06-16,1946
kedro-sagemaker,2025-06-16,91
kedro-vertexai,2025-06-16,31
kedro-airflow,2025-06-17,439
kedro-azureml,2025-06-17,47
kedro-boot,2025-06-17,35
kedro-databricks,2025-06-17,410
kedro-docker,2025-06-17,147
kedro-kubeflow,2025-06-17,37
kedro-mlflow,2025-06-17,1783
kedro-sagemaker,2025-06-17,36
kedro-vertexai,2025-06-17,34
kedro-airflow,2025-06-18,294
kedro-azureml,2025-06-18,27
kedro-boot,2025-06-18,75
kedro-databricks,2025-06-18,156
kedro-docker,2025-06-18,91
kedro-kubeflow,2025-06-18,1
kedro-mlflow,2025-06-18,1930
kedro-sagemaker,2025-06-18,60
kedro-vertexai,2025-06-18,27
kedro-airflow,2025-06-19,435
kedro-azureml,2025-06-19,11
kedro-boot,2025-06-19,21
kedro-databricks,2025-06-19,116
kedro-docker,2025-06-19,62
kedro-kubeflow,2025-06-19,3
kedro-mlflow,2025-06-19,2485
kedro-sagemaker,2025-06-19,55
kedro-vertexai,2025-06-19,21
kedro-airflow,2025-06-20,544
kedro-azureml,2025-06-20,43
kedro-boot,2025-06-20,21
kedro-databricks,2025-06-20,92
kedro-docker,2025-06-20,118
kedro-kubeflow,2025-06-20,1
kedro-mlflow,2025-06-20,1302
kedro-sagemaker,2025-06-20,42
kedro-vertexai,2025-06-20,23
kedro-airflow,2025-06-21,135
kedro-azureml,2025-06-21,4
kedro-boot,2025-06-21,1
kedro-databricks,2025-06-21,21
kedro-docker,2025-06-21,45
kedro-mlflow,2025-06-21,948
kedro-sagemaker,2025-06-21,4
kedro-vertexai,2025-06-21,10
kedro-airflow,2025-06-22,164
kedro-azureml,2025-06-22,38
kedro-boot,2025-06-22,14
kedro-databricks,2025-06-22,153
kedro-docker,2025-06-22,69
kedro-kubeflow,2025-06-22,33
kedro-mlflow,2025-06-22,924
kedro-sagemaker,2025-06-22,14
kedro-vertexai,2025-06-22,26
kedro-airflow,2025-06-23,383
kedro-azureml,2025-06-23,18
kedro-boot,2025-06-23,28
kedro-databricks,2025-06-23,124
kedro-docker,2025-06-23,164
kedro-mlflow,2025-06-23,1537
kedro-sagemaker,2025-06-23,18
kedro-vertexai,2025-06-23,20
kedro-airflow,2025-06-24,473
kedro-azureml,2025-06-24,22
kedro-boot,2025-06-24,31
kedro-databricks,2025-06-24,164
kedro-docker,2025-06-24,119
kedro-kubeflow,2025-06-24,5
kedro-mlflow,2025-06-24,2048
kedro-sagemaker,2025-06-24,51
kedro-vertexai,2025-06-24,7
kedro-airflow,2025-06-25,387
kedro-azureml,2025-06-25,40
kedro-boot,2025-06-25,41
kedro-databricks,2025-06-25,98
kedro-docker,2025-06-25,120
kedro-kubeflow,2025-06-25,6
kedro-mlflow,2025-06-25,1597
kedro-sagemaker,2025-06-25,21
kedro-vertexai,2025-06-25,13
kedro-airflow,2025-06-26,391
kedro-azureml,2025-06-26,44
kedro-boot,2025-06-26,6
kedro-databricks,2025-06-26,82
kedro-docker,2025-06-26,208
kedro-kubeflow,2025-06-26,2
kedro-mlflow,2025-06-26,3520
kedro-sagemaker,2025-06-26,6
kedro-vertexai,2025-06-26,29
kedro-airflow,2025-06-27,668
kedro-azureml,2025-06-27,88
kedro-boot,2025-06-27,38
kedro-databricks,2025-06-27,175
kedro-docker,2025-06-27,248
kedro-kubeflow,2025-06-27,70
kedro-mlflow,2025-06-27,1851
kedro-sagemaker,2025-06-27,37
kedro-vertexai,2025-06-27,90
kedro-airflow,2025-06-28,138
kedro-azureml,2025-06-28,39
kedro-databricks,2025-06-28,10
kedro-docker,2025-06-28,85
kedro-mlflow,2025-06-28,858
kedro-vertexai,2025-06-28,13
kedro-airflow,2025-06-29,118
kedro-azureml,2025-06-29,2
kedro-boot,2025-06-29,2
kedro-databricks,2025-06-29,43
kedro-docker,2025-06-29,90
kedro-kubeflow,2025-06-29,1
kedro-mlflow,2025-06-29,787
kedro-sagemaker,2025-06-29,2
kedro-vertexai,2025-06-29,25
kedro-airflow,2025-06-30,355
kedro-azureml,2025-06-30,15
kedro-boot,2025-06-30,11
kedro-databricks,2025-06-30,50
kedro-docker,2025-06-30,208
kedro-mlflow,2025-06-30,1537
kedro-sagemaker,2025-06-30,5
kedro-vertexai,2025-06-30,67
kedro-airflow,2025-07-01,577
kedro-azureml,2025-07-01,23
kedro-boot,2025-07-01,35
kedro-databricks,2025-07-01,59
kedro-docker,2025-07-01,226
kedro-kubeflow,2025-07-01,213
kedro-mlflow,2025-07-01,1584
kedro-sagemaker,2025-07-01,4
kedro-vertexai,2025-07-01,55
kedro-airflow,2025-07-02,760
kedro-azureml,2025-07-02,48
kedro-boot,2025-07-02,42
kedro-databricks,2025-07-02,244
kedro-docker,2025-07-02,192
kedro-kubeflow,2025-07-02,75
kedro-mlflow,2025-07-02,1990
kedro-sagemaker,2025-07-02,25
kedro-vertexai,2025-07-02,31
kedro-airflow,2025-07-03,409
kedro-azureml,2025-07-03,85
kedro-boot,2025-07-03,54
kedro-databricks,2025-07-03,134
kedro-docker,2025-07-03,195
kedro-kubeflow,2025-07-03,40
kedro-mlflow,2025-07-03,4235
kedro-sagemaker,2025-07-03,36
kedro-vertexai,2025-07-03,34
kedro-airflow,2025-07-04,339
kedro-azureml,2025-07-04,23
kedro-boot,2025-07-04,15
kedro-databricks,2025-07-04,77
kedro-docker,2025-07-04,117
kedro-kubeflow,2025-07-04,58
kedro-mlflow,2025-07-04,1268
kedro-sagemaker,2025-07-04,51
kedro-vertexai,2025-07-04,16
kedro-airflow,2025-07-05,132
kedro-azureml,2025-07-05,3
kedro-boot,2025-07-05,1
kedro-databricks,2025-07-05,47
kedro-docker,2025-07-05,38
kedro-kubeflow,2025-07-05,3
kedro-mlflow,2025-07-05,733
kedro-vertexai,2025-07-05,3
kedro-airflow,2025-07-06,126
kedro-azureml,2025-07-06,5
kedro-boot,2025-07-06,2
kedro-databricks,2025-07-06,21
kedro-docker,2025-07-06,49
kedro-kubeflow,2025-07-06,30
kedro-mlflow,2025-07-06,925
kedro-vertexai,2025-07-06,2
kedro-airflow,2025-07-07,226
kedro-azureml,2025-07-07,17
kedro-boot,2025-07-07,6
kedro-databricks,2025-07-07,52
kedro-docker,2025-07-07,133
kedro-kubeflow,2025-07-07,9
kedro-mlflow,2025-07-07,1623
kedro-sagemaker,2025-07-07,28
kedro-vertexai,2025-07-07,8
kedro-airflow,2025-07-08,483
kedro-azureml,2025-07-08,14
kedro-boot,2025-07-08,14
kedro-databricks,2025-07-08,130
kedro-docker,2025-07-08,138
kedro-kubeflow,2025-07-08,21
kedro-mlflow,2025-07-08,1593
kedro-sagemaker,2025-07-08,31
kedro-vertexai,2025-07-08,14
kedro-airflow,2025-07-09,263
kedro-azureml,2025-07-09,36
kedro-boot,2025-07-09,44
kedro-databricks,2025-07-09,71
kedro-docker,2025-07-09,223
kedro-kubeflow,2025-07-09,12
kedro-mlflow,2025-07-09,1439
kedro-sagemaker,2025-07-09,27
kedro-vertexai,2025-07-09,20
kedro-airflow,2025-07-10,542
kedro-azureml,2025-07-10,7
kedro-boot,2025-07-10,11
kedro-databricks,2025-07-10,148
kedro-docker,2025-07-10,123
kedro-kubeflow,2025-07-10,5
kedro-mlflow,2025-07-10,3344
kedro-sagemaker,2025-07-10,8
kedro-vertexai,2025-07-10,9
kedro-airflow,2025-07-11,408
kedro-azureml,2025-07-11,54
kedro-boot,2025-07-11,44
kedro-databricks,2025-07-11,181
kedro-docker,2025-07-11,128
kedro-kubeflow,2025-07-11,72
kedro-mlflow,2025-07-11,2137
kedro-sagemaker,2025-07-11,32
kedro-vertexai,2025-07-11,47
kedro-airflow,2025-07-12,140
kedro-azureml,2025-07-12,22
kedro-boot,2025-07-12,2
kedro-databricks,2025-07-12,17
kedro-docker,2025-07-12,50
kedro-kubeflow,2025-07-12,4
kedro-mlflow,2025-07-12,697
kedro-sagemaker,2025-07-12,7
kedro-airflow,2025-07-13,130
kedro-azureml,2025-07-13,16
kedro-boot,2025-07-13,10
kedro-databricks,2025-07-13,56
kedro-docker,2025-07-13,39
kedro-kubeflow,2025-07-13,16
kedro-mlflow,2025-07-13,800
kedro-sagemaker,2025-07-13,10
kedro-vertexai,2025-07-13,30
kedro-airflow,2025-07-14,250
kedro-azureml,2025-07-14,15
kedro-boot,2025-07-14,5
kedro-databricks,2025-07-14,53
kedro-docker,2025-07-14,75
kedro-kubeflow,2025-07-14,13
kedro-mlflow,2025-07-14,2471
kedro-sagemaker,2025-07-14,21
kedro-vertexai,2025-07-14,24
kedro-airflow,2025-07-15,381
kedro-azureml,2025-07-15,104
kedro-boot,2025-07-15,27
kedro-databricks,2025-07-15,215
kedro-docker,2025-07-15,124
kedro-kubeflow,2025-07-15,82
kedro-mlflow,2025-07-15,2296
kedro-sagemaker,2025-07-15,49
kedro-vertexai,2025-07-15,39
kedro-airflow,2025-07-16,508
kedro-azureml,2025-07-16,17
kedro-boot,2025-07-16,23
kedro-databricks,2025-07-16,194
kedro-docker,2025-07-16,85
kedro-kubeflow,2025-07-16,13
kedro-mlflow,2025-07-16,1814
kedro-sagemaker,2025-07-16,28
kedro-vertexai,2025-07-16,11
kedro-airflow,2025-07-17,379
kedro-azureml,2025-07-17,83
kedro-boot,2025-07-17,43
kedro-databricks,2025-07-17,538
kedro-docker,2025-07-17,248
kedro-kubeflow,2025-07-17,72
kedro-mlflow,2025-07-17,2550
kedro-sagemaker,2025-07-17,53
kedro-vertexai,2025-07-17,57
kedro-airflow,2025-07-18,331
kedro-azureml,2025-07-18,48
kedro-boot,2025-07-18,19
kedro-databricks,2025-07-18,300
kedro-docker,2025-07-18,237
kedro-kubeflow,2025-07-18,14
kedro-mlflow,2025-07-18,1531
kedro-sagemaker,2025-07-18,16
kedro-vertexai,2025-07-18,19
kedro-airflow,2025-07-19,163
kedro-azureml,2025-07-19,5
kedro-boot,2025-07-19,7
kedro-databricks,2025-07-19,19
kedro-docker,2025-07-19,137
kedro-kubeflow,2025-07-19,4
kedro-mlflow,2025-07-19,685
kedro-vertexai,2025-07-19,4
kedro-airflow,2025-07-20,229
kedro-azureml,2025-07-20,73
kedro-boot,2025-07-20,28
kedro-databricks,2025-07-20,161
kedro-docker,2025-07-20,175
kedro-kubeflow,2025-07-20,70
kedro-mlflow,2025-07-20,839
kedro-sagemaker,2025-07-20,28
kedro-vertexai,2025-07-20,49
kedro-airflow,2025-07-21,446
kedro-azureml,2025-07-21,42
kedro-boot,2025-07-21,22
kedro-databricks,2025-07-21,171
kedro-docker,2025-07-21,182
kedro-kubeflow,2025-07-21,40
kedro-mlflow,2025-07-21,3516
kedro-sagemaker,2025-07-21,33
kedro-vertexai,2025-07-21,32
kedro-airflow,2025-07-22,371
kedro-azureml,2025-07-22,45
kedro-boot,2025-07-22,52
kedro-databricks,2025-07-22,261
kedro-docker,2025-07-22,243
kedro-kubeflow,2025-07-22,37
kedro-mlflow,2025-07-22,6844
kedro-sagemaker,2025-07-22,15
kedro-vertexai,2025-07-22,33
kedro-airflow,2025-07-23,238
kedro-azureml,2025-07-23,48
kedro-boot,2025-07-23,29
kedro-databricks,2025-07-23,152
kedro-docker,2025-07-23,203
kedro-kubeflow,2025-07-23,9
kedro-mlflow,2025-07-23,1993
kedro-sagemaker,2025-07-23,4
kedro-vertexai,2025-07-23,6
kedro-airflow,2025-07-24,190
kedro-azureml,2025-07-24,14
kedro-boot,2025-07-24,21
kedro-databricks,2025-07-24,244
kedro-docker,2025-07-24,316
kedro-kubeflow,2025-07-24,3
kedro-mlflow,2025-07-24,5306
kedro-sagemaker,2025-07-24,3
kedro-vertexai,2025-07-24,8
kedro-airflow,2025-07-25,274
kedro-azureml,2025-07-25,80
kedro-boot,2025-07-25,69
kedro-databricks,2025-07-25,317
kedro-docker,2025-07-25,254
kedro-kubeflow,2025-07-25,49
kedro-mlflow,2025-07-25,3909
kedro-sagemaker,2025-07-25,30
kedro-vertexai,2025-07-25,46
kedro-airflow,2025-07-26,83
kedro-azureml,2025-07-26,21
kedro-boot,2025-07-26,24
kedro-databricks,2025-07-26,90
kedro-docker,2025-07-26,107
kedro-kubeflow,2025-07-26,10
kedro-mlflow,2025-07-26,735
kedro-sagemaker,2025-07-26,5
kedro-vertexai,2025-07-26,14
kedro-airflow,2025-07-27,96
kedro-azureml,2025-07-27,6
kedro-boot,2025-07-27,2
kedro-databricks,2025-07-27,24
kedro-docker,2025-07-27,129
kedro-kubeflow,2025-07-27,5
kedro-mlflow,2025-07-27,1182
kedro-sagemaker,2025-07-27,9
kedro-vertexai,2025-07-27,12
kedro-airflow,2025-07-28,277
kedro-azureml,2025-07-28,29
kedro-boot,2025-07-28,13
kedro-databricks,2025-07-28,112
kedro-docker,2025-07-28,296
kedro-kubeflow,2025-07-28,3
kedro-mlflow,2025-07-28,4634
kedro-sagemaker,2025-07-28,9
kedro-vertexai,2025-07-28,11
kedro-airflow,2025-07-29,300
kedro-azureml,2025-07-29,50
kedro-boot,2025-07-29,3
kedro-databricks,2025-07-29,144
kedro-docker,2025-07-29,169
kedro-kubeflow,2025-07-29,6
kedro-mlflow,2025-07-29,5127
kedro-sagemaker,2025-07-29,18
kedro-vertexai,2025-07-29,6
kedro-airflow,2025-07-30,291
kedro-azureml,2025-07-30,37
kedro-boot,2025-07-30,22
kedro-databricks,2025-07-30,101
kedro-docker,2025-07-30,281
kedro-kubeflow,2025-07-30,1
kedro-mlflow,2025-07-30,2246
kedro-sagemaker,2025-07-30,15
kedro-vertexai,2025-07-30,10
kedro-airflow,2025-07-31,194
kedro-azureml,2025-07-31,80
kedro-boot,2025-07-31,39
kedro-databricks,2025-07-31,224
kedro-docker,2025-07-31,281
kedro-kubeflow,2025-07-31,39
kedro-mlflow,2025-07-31,4711
kedro-sagemaker,2025-07-31,24
kedro-vertexai,2025-07-31,33
kedro-airflow,2025-08-01,224
kedro-azureml,2025-08-01,80
kedro-boot,2025-08-01,28
kedro-databricks,2025-08-01,222
kedro-docker,2025-08-01,304
kedro-kubeflow,2025-08-01,98
kedro-mlflow,2025-08-01,2382
kedro-sagemaker,2025-08-01,32
kedro-vertexai,2025-08-01,48
kedro-airflow,2025-08-02,40
kedro-azureml,2025-08-02,4
kedro-boot,2025-08-02,3
kedro-databricks,2025-08-02,22
kedro-docker,2025-08-02,291
kedro-kubeflow,2025-08-02,3
kedro-mlflow,2025-08-02,3330
kedro-sagemaker,2025-08-02,1
kedro-vertexai,2025-08-02,4
kedro-airflow,2025-08-03,50
kedro-azureml,2025-08-03,3
kedro-boot,2025-08-03,6
kedro-databricks,2025-08-03,21
kedro-docker,2025-08-03,116
kedro-kubeflow,2025-08-03,2
kedro-mlflow,2025-08-03,790
kedro-vertexai,2025-08-03,3
kedro-airflow,2025-08-04,212
kedro-azureml,2025-08-04,55
kedro-boot,2025-08-04,2
kedro-databricks,2025-08-04,142
kedro-docker,2025-08-04,287
kedro-kubeflow,2025-08-04,4
kedro-mlflow,2025-08-04,1728
kedro-sagemaker,2025-08-04,1
kedro-vertexai,2025-08-04,7
kedro-airflow,2025-08-05,314
kedro-azureml,2025-08-05,84
kedro-boot,2025-08-05,23
kedro-databricks,2025-08-05,182
kedro-docker,2025-08-05,566
kedro-kubeflow,2025-08-05,46
kedro-mlflow,2025-08-05,3546
kedro-sagemaker,2025-08-05,23
kedro-vertexai,2025-08-05,30
kedro-airflow,2025-08-06,374
kedro-azureml,2025-08-06,38
kedro-boot,2025-08-06,34
kedro-databricks,2025-08-06,155
kedro-docker,2025-08-06,313
kedro-kubeflow,2025-08-06,16
kedro-mlflow,2025-08-06,1984
kedro-sagemaker,2025-08-06,4
kedro-vertexai,2025-08-06,2
kedro-airflow,2025-08-07,379
kedro-azureml,2025-08-07,57
kedro-boot,2025-08-07,42
kedro-databricks,2025-08-07,169
kedro-docker,2025-08-07,256
kedro-kubeflow,2025-08-07,40
kedro-mlflow,2025-08-07,3116
kedro-sagemaker,2025-08-07,24
kedro-vertexai,2025-08-07,25
kedro-airflow,2025-08-08,186
kedro-azureml,2025-08-08,40
kedro-boot,2025-08-08,29
kedro-databricks,2025-08-08,55
kedro-docker,2025-08-08,158
kedro-kubeflow,2025-08-08,4
kedro-mlflow,2025-08-08,2155
kedro-sagemaker,2025-08-08,4
kedro-vertexai,2025-08-08,11
kedro-airflow,2025-08-09,103
kedro-azureml,2025-08-09,38
kedro-boot,2025-08-09,29
kedro-databricks,2025-08-09,95
kedro-docker,2025-08-09,172
kedro-kubeflow,2025-08-09,41
kedro-mlflow,2025-08-09,1047
kedro-sagemaker,2025-08-09,16
kedro-vertexai,2025-08-09,28
kedro-airflow,2025-08-10,95
kedro-azureml,2025-08-10,39
kedro-boot,2025-08-10,16
kedro-databricks,2025-08-10,91
kedro-docker,2025-08-10,151
kedro-kubeflow,2025-08-10,41
kedro-mlflow,2025-08-10,957
kedro-sagemaker,2025-08-10,17
kedro-vertexai,2025-08-10,27
kedro-airflow,2025-08-11,423
kedro-azureml,2025-08-11,15
kedro-boot,2025-08-11,11
kedro-databricks,2025-08-11,66
kedro-docker,2025-08-11,174
kedro-kubeflow,2025-08-11,2
kedro-mlflow,2025-08-11,3557
kedro-sagemaker,2025-08-11,14
kedro-vertexai,2025-08-11,7
kedro-airflow,2025-08-12,638
kedro-azureml,2025-08-12,78
kedro-boot,2025-08-12,64
kedro-databricks,2025-08-12,193
kedro-docker,2025-08-12,417
kedro-kubeflow,2025-08-12,14
kedro-mlflow,2025-08-12,5636
kedro-sagemaker,2025-08-12,15
kedro-vertexai,2025-08-12,20
kedro-airflow,2025-08-13,801
kedro-azureml,2025-08-13,18
kedro-boot,2025-08-13,35
kedro-databricks,2025-08-13,187
kedro-docker,2025-08-13,376
kedro-kubeflow,2025-08-13,5
kedro-mlflow,2025-08-13,1727
kedro-sagemaker,2025-08-13,10
kedro-vertexai,2025-08-13,13
kedro-airflow,2025-08-14,438
kedro-azureml,2025-08-14,49
kedro-boot,2025-08-14,13
kedro-databricks,2025-08-14,105
kedro-docker,2025-08-14,441
kedro-mlflow,2025-08-14,1877
kedro-sagemaker,2025-08-14,9
kedro-vertexai,2025-08-14,4
kedro-airflow,2025-08-15,216
kedro-azureml,2025-08-15,29
kedro-boot,2025-08-15,6
kedro-databricks,2025-08-15,267
kedro-docker,2025-08-15,172
kedro-kubeflow,2025-08-15,2
kedro-mlflow,2025-08-15,1405
kedro-sagemaker,2025-08-15,9
kedro-vertexai,2025-08-15,4
kedro-airflow,2025-08-16,93
kedro-azureml,2025-08-16,12
kedro-databricks,2025-08-16,43
kedro-docker,2025-08-16,113
kedro-mlflow,2025-08-16,947
kedro-sagemaker,2025-08-16,1
kedro-vertexai,2025-08-16,2
kedro-airflow,2025-08-17,52
kedro-azureml,2025-08-17,5
kedro-databricks,2025-08-17,17
kedro-docker,2025-08-17,51
kedro-kubeflow,2025-08-17,2
kedro-mlflow,2025-08-17,1023
kedro-sagemaker,2025-08-17,13
kedro-vertexai,2025-08-17,4
kedro-airflow,2025-08-18,130
kedro-azureml,2025-08-18,21
kedro-boot,2025-08-18,9
kedro-databricks,2025-08-18,226
kedro-docker,2025-08-18,214
kedro-kubeflow,2025-08-18,44
kedro-mlflow,2025-08-18,1740
kedro-sagemaker,2025-08-18,20
kedro-vertexai,2025-08-18,22
kedro-airflow,2025-08-19,224
kedro-azureml,2025-08-19,64
kedro-boot,2025-08-19,23
kedro-databricks,2025-08-19,209
kedro-docker,2025-08-19,326
kedro-kubeflow,2025-08-19,41
kedro-mlflow,2025-08-19,1977
kedro-sagemaker,2025-08-19,26
kedro-vertexai,2025-08-19,38
kedro-airflow,2025-08-20,164
kedro-azureml,2025-08-20,38
kedro-boot,2025-08-20,25
kedro-databricks,2025-08-20,94
kedro-docker,2025-08-20,164
kedro-kubeflow,2025-08-20,1
kedro-mlflow,2025-08-20,2354
kedro-sagemaker,2025-08-20,11
kedro-vertexai,2025-08-20,9
kedro-airflow,2025-08-21,289
kedro-azureml,2025-08-21,18
kedro-boot,2025-08-21,9
kedro-databricks,2025-08-21,78
kedro-docker,2025-08-21,231
kedro-kubeflow,2025-08-21,4
kedro-mlflow,2025-08-21,2730
kedro-sagemaker,2025-08-21,4
kedro-vertexai,2025-08-21,7
kedro-airflow,2025-08-22,254
kedro-azureml,2025-08-22,26
kedro-boot,2025-08-22,9
kedro-databricks,2025-08-22,94
kedro-docker,2025-08-22,234
kedro-kubeflow,2025-08-22,1
kedro-mlflow,2025-08-22,1702
kedro-sagemaker,2025-08-22,4
kedro-vertexai,2025-08-22,6
kedro-airflow,2025-08-23,69
kedro-azureml,2025-08-23,18
kedro-databricks,2025-08-23,33
kedro-docker,2025-08-23,58
kedro-kubeflow,2025-08-23,6
kedro-mlflow,2025-08-23,1030
kedro-vertexai,2025-08-23,6
kedro-airflow,2025-08-24,50
kedro-azureml,2025-08-24,255
kedro-boot,2025-08-24,13
kedro-databricks,2025-08-24,66
kedro-docker,2025-08-24,105
kedro-kubeflow,2025-08-24,8
kedro-mlflow,2025-08-24,1006
kedro-sagemaker,2025-08-24,16
kedro-vertexai,2025-08-24,10
kedro-airflow,2025-08-25,266
kedro-azureml,2025-08-25,100
kedro-boot,2025-08-25,12
kedro-databricks,2025-08-25,127
kedro-docker,2025-08-25,169
kedro-kubeflow,2025-08-25,3
kedro-mlflow,2025-08-25,1993
kedro-sagemaker,2025-08-25,14
kedro-vertexai,2025-08-25,9
kedro-airflow,2025-08-26,254
kedro-azureml,2025-08-26,108
kedro-boot,2025-08-26,68
kedro-databricks,2025-08-26,212
kedro-docker,2025-08-26,306
kedro-kubeflow,2025-08-26,70
kedro-mlflow,2025-08-26,2140
kedro-sagemaker,2025-08-26,72
kedro-vertexai,2025-08-26,258
kedro-airflow,2025-08-27,436
kedro-azureml,2025-08-27,23
kedro-boot,2025-08-27,36
kedro-databricks,2025-08-27,92
kedro-docker,2025-08-27,322
kedro-kubeflow,2025-08-27,4
kedro-mlflow,2025-08-27,2601
kedro-sagemaker,2025-08-27,35
kedro-vertexai,2025-08-27,70
kedro-airflow,2025-08-28,812
kedro-azureml,2025-08-28,62
kedro-boot,2025-08-28,38
kedro-databricks,2025-08-28,74
kedro-docker,2025-08-28,199
kedro-kubeflow,2025-08-28,7
kedro-mlflow,2025-08-28,4404
kedro-sagemaker,2025-08-28,37
kedro-vertexai,2025-08-28,10
kedro-airflow,2025-08-29,834
kedro-azureml,2025-08-29,93
kedro-boot,2025-08-29,41
kedro-databricks,2025-08-29,195
kedro-docker,2025-08-29,348
kedro-kubeflow,2025-08-29,73
kedro-mlflow,2025-08-29,2107
kedro-sagemaker,2025-08-29,56
kedro-vertexai,2025-08-29,39
kedro-airflow,2025-08-30,644
kedro-azureml,2025-08-30,91
kedro-boot,2025-08-30,39
kedro-databricks,2025-08-30,169
kedro-docker,2025-08-30,278
kedro-kubeflow,2025-08-30,80
kedro-mlflow,2025-08-30,826
kedro-sagemaker,2025-08-30,38
kedro-vertexai,2025-08-30,67
kedro-airflow,2025-08-31,43
kedro-azureml,2025-08-31,20
kedro-databricks,2025-08-31,6
kedro-docker,2025-08-31,155
kedro-mlflow,2025-08-31,813
kedro-vertexai,2025-08-31,3
kedro-airflow,2025-09-01,136
kedro-azureml,2025-09-01,32
kedro-boot,2025-09-01,13
kedro-databricks,2025-09-01,123
kedro-docker,2025-09-01,130
kedro-kubeflow,2025-09-01,12
kedro-mlflow,2025-09-01,1743
kedro-sagemaker,2025-09-01,8
kedro-vertexai,2025-09-01,27
kedro-airflow,2025-09-02,132
kedro-azureml,2025-09-02,56
kedro-boot,2025-09-02,29
kedro-databricks,2025-09-02,33
kedro-docker,2025-09-02,306
kedro-kubeflow,2025-09-02,19
kedro-mlflow,2025-09-02,1623
kedro-sagemaker,2025-09-02,13
kedro-vertexai,2025-09-02,15
kedro-airflow,2025-09-03,368
kedro-azureml,2025-09-03,50
kedro-boot,2025-09-03,72
kedro-databricks,2025-09-03,124
kedro-docker,2025-09-03,205
kedro-kubeflow,2025-09-03,26
kedro-mlflow,2025-09-03,1973
kedro-sagemaker,2025-09-03,17
kedro-vertexai,2025-09-03,22
kedro-airflow,2025-09-04,202
kedro-azureml,2025-09-04,116
kedro-boot,2025-09-04,28
kedro-databricks,2025-09-04,121
kedro-docker,2025-09-04,152
kedro-kubeflow,2025-09-04,43
kedro-mlflow,2025-09-04,4599
kedro-sagemaker,2025-09-04,25
kedro-vertexai,2025-09-04,38
kedro-airflow,2025-09-05,248
kedro-azureml,2025-09-05,58
kedro-boot,2025-09-05,46
kedro-databricks,2025-09-05,66
kedro-docker,2025-09-05,82
kedro-kubeflow,2025-09-05,32
kedro-mlflow,2025-09-05,4919
kedro-sagemaker,2025-09-05,14
kedro-vertexai,2025-09-05,8
kedro-airflow,2025-09-06,64
kedro-azureml,2025-09-06,7
kedro-boot,2025-09-06,3
kedro-databricks,2025-09-06,42
kedro-docker,2025-09-06,73
kedro-kubeflow,2025-09-06,3
kedro-mlflow,2025-09-06,1473
kedro-sagemaker,2025-09-06,1
kedro-vertexai,2025-09-06,22
kedro-airflow,2025-09-07,114
kedro-azureml,2025-09-07,79
kedro-boot,2025-09-07,29
kedro-databricks,2025-09-07,161
kedro-docker,2025-09-07,100
kedro-kubeflow,2025-09-07,75
kedro-mlflow,2025-09-07,1453
kedro-sagemaker,2025-09-07,32
kedro-vertexai,2025-09-07,53
kedro-airflow,2025-09-08,184
kedro-azureml,2025-09-08,97
kedro-boot,2025-09-08,45
kedro-databricks,2025-09-08,165
kedro-docker,2025-09-08,254
kedro-kubeflow,2025-09-08,66
kedro-mlflow,2025-09-08,3659
kedro-sagemaker,2025-09-08,44
kedro-vertexai,2025-09-08,46
kedro-airflow,2025-09-09,309
kedro-azureml,2025-09-09,29
kedro-boot,2025-09-09,19
kedro-databricks,2025-09-09,95
kedro-docker,2025-09-09,144
kedro-kubeflow,2025-09-09,13
kedro-mlflow,2025-09-09,3364
kedro-sagemaker,2025-09-09,23
kedro-vertexai,2025-09-09,18
kedro-airflow,2025-09-10,481
kedro-azureml,2025-09-10,71
kedro-boot,2025-09-10,81
kedro-databricks,2025-09-10,237
kedro-docker,2025-09-10,253
kedro-kubeflow,2025-09-10,43
kedro-mlflow,2025-09-10,3317
kedro-sagemaker,2025-09-10,33
kedro-vertexai,2025-09-10,31
kedro-airflow,2025-09-11,278
kedro-azureml,2025-09-11,77
kedro-boot,2025-09-11,63
kedro-databricks,2025-09-11,185
kedro-docker,2025-09-11,204
kedro-kubeflow,2025-09-11,62
kedro-mlflow,2025-09-11,2774
kedro-sagemaker,2025-09-11,26
kedro-vertexai,2025-09-11,38
kedro-airflow,2025-09-12,450
kedro-azureml,2025-09-12,54
kedro-boot,2025-09-12,25
kedro-databricks,2025-09-12,278
kedro-docker,2025-09-12,128
kedro-kubeflow,2025-09-12,35
kedro-mlflow,2025-09-12,2244
kedro-sagemaker,2025-09-12,29
kedro-vertexai,2025-09-12,32
kedro-airflow,2025-09-13,46
kedro-azureml,2025-09-13,4
kedro-boot,2025-09-13,3
kedro-databricks,2025-09-13,87
kedro-docker,2025-09-13,64
kedro-mlflow,2025-09-13,1394
kedro-airflow,2025-09-14,139
kedro-azureml,2025-09-14,98
kedro-boot,2025-09-14,62
kedro-databricks,2025-09-14,465
kedro-docker,2025-09-14,117
kedro-kubeflow,2025-09-14,84
kedro-mlflow,2025-09-14,1468
kedro-sagemaker,2025-09-14,43
kedro-vertexai,2025-09-14,70
kedro-airflow,2025-09-15,391
kedro-azureml,2025-09-15,17
kedro-boot,2025-09-15,35
kedro-databricks,2025-09-15,153
kedro-docker,2025-09-15,184
kedro-kubeflow,2025-09-15,2
kedro-mlflow,2025-09-15,4440
kedro-sagemaker,2025-09-15,16
kedro-vertexai,2025-09-15,11
kedro-airflow,2025-09-16,357
kedro-azureml,2025-09-16,61
kedro-boot,2025-09-16,29
kedro-databricks,2025-09-16,297
kedro-docker,2025-09-16,282
kedro-kubeflow,2025-09-16,37
kedro-mlflow,2025-09-16,4410
kedro-sagemaker,2025-09-16,16
kedro-vertexai,2025-09-16,47
kedro-airflow,2025-09-17,274
kedro-azureml,2025-09-17,6
kedro-boot,2025-09-17,27
kedro-databricks,2025-09-17,178
kedro-docker,2025-09-17,189
kedro-kubeflow,2025-09-17,4
kedro-mlflow,2025-09-17,3122
kedro-sagemaker,2025-09-17,16
kedro-vertexai,2025-09-17,9
kedro-airflow,2025-09-18,314
kedro-azureml,2025-09-18,19
kedro-boot,2025-09-18,14
kedro-databricks,2025-09-18,181
kedro-docker,2025-09-18,247
kedro-kubeflow,2025-09-18,10
kedro-mlflow,2025-09-18,3789
kedro-sagemaker,2025-09-18,42
kedro-vertexai,2025-09-18,3
kedro-airflow,2025-09-19,220
kedro-azureml,2025-09-19,54
kedro-boot,2025-09-19,18
kedro-databricks,2025-09-19,248
kedro-docker,2025-09-19,180
kedro-kubeflow,2025-09-19,39
kedro-mlflow,2025-09-19,2186
kedro-sagemaker,2025-09-19,36
kedro-vertexai,2025-09-19,29
kedro-airflow,2025-09-20,52
kedro-azureml,2025-09-20,6
kedro-boot,2025-09-20,1
kedro-databricks,2025-09-20,74
kedro-docker,2025-09-20,206
kedro-kubeflow,2025-09-20,2
kedro-mlflow,2025-09-20,1156
kedro-sagemaker,2025-09-20,1
kedro-vertexai,2025-09-20,1
kedro-airflow,2025-09-21,61
kedro-azureml,2025-09-21,13
kedro-boot,2025-09-21,2
kedro-databricks,2025-09-21,86
kedro-docker,2025-09-21,183
kedro-kubeflow,2025-09-21,3
kedro-mlflow,2025-09-21,1346
kedro-sagemaker,2025-09-21,3
kedro-vertexai,2025-09-21,3
kedro-airflow,2025-09-22,218
kedro-azureml,2025-09-22,26
kedro-boot,2025-09-22,38
kedro-databricks,2025-09-22,292
kedro-docker,2025-09-22,167
kedro-kubeflow,2025-09-22,23
kedro-mlflow,2025-09-22,3199
kedro-sagemaker,2025-09-22,13
kedro-vertexai,2025-09-22,41
kedro-airflow,2025-09-23,215
kedro-azureml,2025-09-23,124
kedro-boot,2025-09-23,41
kedro-databricks,2025-09-23,355
kedro-docker,2025-09-23,171
kedro-kubeflow,2025-09-23,30
kedro-mlflow,2025-09-23,2161
kedro-sagemaker,2025-09-23,37
kedro-vertexai,2025-09-23,31
kedro-airflow,2025-09-24,218
kedro-azureml,2025-09-24,64
kedro-boot,2025-09-24,35
kedro-databricks,2025-09-24,245
kedro-docker,2025-09-24,150
kedro-kubeflow,2025-09-24,5
kedro-mlflow,2025-09-24,2331
kedro-sagemaker,2025-09-24,72
kedro-vertexai,2025-09-24,6
kedro-airflow,2025-09-25,306
kedro-azureml,2025-09-25,39
kedro-boot,2025-09-25,21
kedro-databricks,2025-09-25,337
kedro-docker,2025-09-25,203
kedro-kubeflow,2025-09-25,19
kedro-mlflow,2025-09-25,2691
kedro-sagemaker,2025-09-25,36
kedro-vertexai,2025-09-25,27
kedro-airflow,2025-09-26,174
kedro-azureml,2025-09-26,31
kedro-boot,2025-09-26,11
kedro-databricks,2025-09-26,200
kedro-docker,2025-09-26,131
kedro-kubeflow,2025-09-26,6
kedro-mlflow,2025-09-26,2446
kedro-sagemaker,2025-09-26,10
kedro-vertexai,2025-09-26,20
kedro-airflow,2025-09-27,102
kedro-azureml,2025-09-27,7
kedro-boot,2025-09-27,6
kedro-databricks,2025-09-27,135
kedro-docker,2025-09-27,115
kedro-kubeflow,2025-09-27,1
kedro-mlflow,2025-09-27,1459
kedro-sagemaker,2025-09-27,1
kedro-vertexai,2025-09-27,33
kedro-airflow,2025-09-28,91
kedro-azureml,2025-09-28,61
kedro-boot,2025-09-28,33
kedro-databricks,2025-09-28,192
kedro-docker,2025-09-28,115
kedro-kubeflow,2025-09-28,36
kedro-mlflow,2025-09-28,1475
kedro-sagemaker,2025-09-28,15
kedro-vertexai,2025-09-28,26
kedro-airflow,2025-09-29,118
kedro-azureml,2025-09-29,63
kedro-boot,2025-09-29,46
kedro-databricks,2025-09-29,215
kedro-docker,2025-09-29,126
kedro-kubeflow,2025-09-29,6
kedro-mlflow,2025-09-29,2418
kedro-sagemaker,2025-09-29,49
kedro-vertexai,2025-09-29,15
kedro-airflow,2025-09-30,266
kedro-azureml,2025-09-30,74
kedro-boot,2025-09-30,68
kedro-databricks,2025-09-30,339
kedro-docker,2025-09-30,224
kedro-kubeflow,2025-09-30,60
kedro-mlflow,2025-09-30,3920
kedro-sagemaker,2025-09-30,46
kedro-vertexai,2025-09-30,49
kedro-airflow,2025-10-01,201
kedro-azureml,2025-10-01,60
kedro-boot,2025-10-01,31
kedro-databricks,2025-10-01,281
kedro-docker,2025-10-01,138
kedro-kubeflow,2025-10-01,2
kedro-mlflow,2025-10-01,3581
kedro-sagemaker,2025-10-01,36
kedro-vertexai,2025-10-01,16
kedro-airflow,2025-10-02,171
kedro-azureml,2025-10-02,41
kedro-boot,2025-10-02,9
kedro-databricks,2025-10-02,140
kedro-docker,2025-10-02,124
kedro-kubeflow,2025-10-02,1
kedro-mlflow,2025-10-02,4560
kedro-sagemaker,2025-10-02,31
kedro-vertexai,2025-10-02,11
kedro-airflow,2025-10-03,205
kedro-azureml,2025-10-03,38
kedro-boot,2025-10-03,14
kedro-databricks,2025-10-03,196
kedro-docker,2025-10-03,185
kedro-kubeflow,2025-10-03,35
kedro-mlflow,2025-10-03,4985
kedro-sagemaker,2025-10-03,40
kedro-vertexai,2025-10-03,38
kedro-airflow,2025-10-04,93
kedro-azureml,2025-10-04,41
kedro-boot,2025-10-04,15
kedro-databricks,2025-10-04,94
kedro-docker,2025-10-04,83
kedro-kubeflow,2025-10-04,35
kedro-mlflow,2025-10-04,2014
kedro-sagemaker,2025-10-04,14
kedro-vertexai,2025-10-04,28
kedro-airflow,2025-10-05,58
kedro-azureml,2025-10-05,2
kedro-databricks,2025-10-05,119
kedro-docker,2025-10-05,79
kedro-mlflow,2025-10-05,1230
kedro-sagemaker,2025-10-05,1
kedro-vertexai,2025-10-05,4
kedro-airflow,2025-10-06,80
kedro-azureml,2025-10-06,36
kedro-boot,2025-10-06,16
kedro-databricks,2025-10-06,320
kedro-docker,2025-10-06,131
kedro-kubeflow,2025-10-06,4
kedro-mlflow,2025-10-06,3786
kedro-sagemaker,2025-10-06,7
kedro-vertexai,2025-10-06,23
kedro-airflow,2025-10-07,180
kedro-azureml,2025-10-07,18
kedro-boot,2025-10-07,17
kedro-databricks,2025-10-07,322
kedro-docker,2025-10-07,224
kedro-mlflow,2025-10-07,2137
kedro-sagemaker,2025-10-07,29
kedro-vertexai,2025-10-07,19
kedro-airflow,2025-10-08,182
kedro-azureml,2025-10-08,36
kedro-boot,2025-10-08,39
kedro-databricks,2025-10-08,304
kedro-docker,2025-10-08,161
kedro-kubeflow,2025-10-08,48
kedro-mlflow,2025-10-08,2290
kedro-sagemaker,2025-10-08,11
kedro-vertexai,2025-10-08,22
kedro-airflow,2025-10-09,290
kedro-azureml,2025-10-09,11
kedro-boot,2025-10-09,12
kedro-databricks,2025-10-09,318
kedro-docker,2025-10-09,237
kedro-kubeflow,2025-10-09,1
kedro-mlflow,2025-10-09,2211
kedro-sagemaker,2025-10-09,8
kedro-vertexai,2025-10-09,10
kedro-airflow,2025-10-10,175
kedro-azureml,2025-10-10,19
kedro-boot,2025-10-10,64
kedro-databricks,2025-10-10,207
kedro-docker,2025-10-10,203
kedro-kubeflow,2025-10-10,29
kedro-mlflow,2025-10-10,2960
kedro-sagemaker,2025-10-10,9
kedro-vertexai,2025-10-10,14
kedro-airflow,2025-10-11,52
kedro-azureml,2025-10-11,3
kedro-boot,2025-10-11,1
kedro-databricks,2025-10-11,9
kedro-docker,2025-10-11,52
kedro-kubeflow,2025-10-11,1
kedro-mlflow,2025-10-11,1190
kedro-sagemaker,2025-10-11,1
kedro-vertexai,2025-10-11,5
kedro-airflow,2025-10-12,86
kedro-azureml,2025-10-12,27
kedro-boot,2025-10-12,15
kedro-databricks,2025-10-12,63
kedro-docker,2025-10-12,74
kedro-kubeflow,2025-10-12,17
kedro-mlflow,2025-10-12,1205
kedro-sagemaker,2025-10-12,14
kedro-vertexai,2025-10-12,19
kedro-airflow,2025-10-13,155
kedro-azureml,2025-10-13,31
kedro-boot,2025-10-13,43
kedro-databricks,2025-10-13,272
kedro-docker,2025-10-13,306
kedro-kubeflow,2025-10-13,12
kedro-mlflow,2025-10-13,2420
kedro-sagemaker,2025-10-13,12
kedro-vertexai,2025-10-13,21
kedro-airflow,2025-10-14,424
kedro-azureml,2025-10-14,22
kedro-boot,2025-10-14,19
kedro-databricks,2025-10-14,254
kedro-docker,2025-10-14,406
kedro-kubeflow,2025-10-14,45
kedro-mlflow,2025-10-14,3095
kedro-sagemaker,2025-10-14,9
kedro-vertexai,2025-10-14,35
kedro-airflow,2025-10-15,213
kedro-azureml,2025-10-15,1
kedro-boot,2025-10-15,44
kedro-databricks,2025-10-15,231
kedro-docker,2025-10-15,187
kedro-kubeflow,2025-10-15,2
kedro-mlflow,2025-10-15,2506
kedro-sagemaker,2025-10-15,19
kedro-vertexai,2025-10-15,5
kedro-airflow,2025-10-16,186
kedro-azureml,2025-10-16,6
kedro-boot,2025-10-16,33
kedro-databricks,2025-10-16,237
kedro-docker,2025-10-16,164
kedro-kubeflow,2025-10-16,3
kedro-mlflow,2025-10-16,2944
kedro-sagemaker,2025-10-16,28
kedro-vertexai,2025-10-16,4
kedro-airflow,2025-10-17,189
kedro-azureml,2025-10-17,11
kedro-boot,2025-10-17,48
kedro-databricks,2025-10-17,249
kedro-docker,2025-10-17,150
kedro-kubeflow,2025-10-17,10
kedro-mlflow,2025-10-17,2324
kedro-sagemaker,2025-10-17,17
kedro-vertexai,2025-10-17,12
kedro-airflow,2025-10-18,75
kedro-azureml,2025-10-18,2
kedro-databricks,2025-10-18,30
kedro-docker,2025-10-18,68
kedro-kubeflow,2025-10-18,4
kedro-mlflow,2025-10-18,1110
kedro-sagemaker,2025-10-18,1
kedro-vertexai,2025-10-18,3
kedro-airflow,2025-10-19,58
kedro-azureml,2025-10-19,4
kedro-databricks,2025-10-19,31
kedro-docker,2025-10-19,63
kedro-kubeflow,2025-10-19,1
kedro-mlflow,2025-10-19,1147
kedro-vertexai,2025-10-19,7
kedro-airflow,2025-10-20,185
kedro-azureml,2025-10-20,21
kedro-boot,2025-10-20,12
kedro-databricks,2025-10-20,152
kedro-docker,2025-10-20,124
kedro-kubeflow,2025-10-20,53
kedro-mlflow,2025-10-20,1479
kedro-sagemaker,2025-10-20,16
kedro-vertexai,2025-10-20,11
kedro-airflow,2025-10-21,156
kedro-azureml,2025-10-21,4
kedro-boot,2025-10-21,21
kedro-databricks,2025-10-21,183
kedro-docker,2025-10-21,167
kedro-kubeflow,2025-10-21,11
kedro-mlflow,2025-10-21,5769
kedro-sagemaker,2025-10-21,14
kedro-vertexai,2025-10-21,14
kedro-airflow,2025-10-22,386
kedro-azureml,2025-10-22,1
kedro-boot,2025-10-22,45
kedro-databricks,2025-10-22,215
kedro-docker,2025-10-22,155
kedro-mlflow,2025-10-22,11774
kedro-sagemaker,2025-10-22,10
kedro-vertexai,2025-10-22,24
kedro-airflow,2025-10-23,462
kedro-azureml,2025-10-23,8
kedro-boot,2025-10-23,33
kedro-databricks,2025-10-23,215
kedro-docker,2025-10-23,152
kedro-kubeflow,2025-10-23,1
kedro-mlflow,2025-10-23,2551
kedro-sagemaker,2025-10-23,8
kedro-vertexai,2025-10-23,34
kedro-airflow,2025-10-24,921
kedro-azureml,2025-10-24,6
kedro-boot,2025-10-24,4
kedro-databricks,2025-10-24,138
kedro-docker,2025-10-24,179
kedro-kubeflow,2025-10-24,1
kedro-mlflow,2025-10-24,10044
kedro-sagemaker,2025-10-24,6
kedro-vertexai,2025-10-24,12
kedro-airflow,2025-10-25,304
kedro-azureml,2025-10-25,37
kedro-boot,2025-10-25,14
kedro-databricks,2025-10-25,120
kedro-docker,2025-10-25,76
kedro-kubeflow,2025-10-25,35
kedro-mlflow,2025-10-25,1311
kedro-sagemaker,2025-10-25,14
kedro-vertexai,2025-10-25,25
kedro-airflow,2025-10-26,96
kedro-azureml,2025-10-26,41
kedro-boot,2025-10-26,15
kedro-databricks,2025-10-26,109
kedro-docker,2025-10-26,93
kedro-kubeflow,2025-10-26,37
kedro-mlflow,2025-10-26,1444
kedro-sagemaker,2025-10-26,16
kedro-vertexai,2025-10-26,26
kedro-airflow,2025-10-27,290
kedro-azureml,2025-10-27,14
kedro-boot,2025-10-27,22
kedro-databricks,2025-10-27,229
kedro-docker,2025-10-27,191
kedro-kubeflow,2025-10-27,3
kedro-mlflow,2025-10-27,7905
kedro-sagemaker,2025-10-27,8
kedro-vertexai,2025-10-27,35
kedro-airflow,2025-10-28,268
kedro-azureml,2025-10-28,61
kedro-boot,2025-10-28,42
kedro-databricks,2025-10-28,297
kedro-docker,2025-10-28,161
kedro-kubeflow,2025-10-28,57
kedro-mlflow,2025-10-28,3127
kedro-sagemaker,2025-10-28,45
kedro-vertexai,2025-10-28,97
kedro-airflow,2025-10-29,243
kedro-azureml,2025-10-29,24
kedro-boot,2025-10-29,32
kedro-databricks,2025-10-29,201
kedro-docker,2025-10-29,109
kedro-kubeflow,2025-10-29,3
kedro-mlflow,2025-10-29,2913
kedro-sagemaker,2025-10-29,29
kedro-vertexai,2025-10-29,49
kedro-airflow,2025-10-30,413
kedro-azureml,2025-10-30,4
kedro-boot,2025-10-30,25
kedro-databricks,2025-10-30,162
kedro-docker,2025-10-30,73
kedro-kubeflow,2025-10-30,15
kedro-mlflow,2025-10-30,4659
kedro-sagemaker,2025-10-30,30
kedro-vertexai,2025-10-30,52
kedro-airflow,2025-10-31,356
kedro-azureml,2025-10-31,45
kedro-boot,2025-10-31,20
kedro-databricks,2025-10-31,198
kedro-docker,2025-10-31,109
kedro-kubeflow,2025-10-31,40
kedro-mlflow,2025-10-31,4749
kedro-sagemaker,2025-10-31,72
kedro-vertexai,2025-10-31,36
kedro-airflow,2025-11-01,202
kedro-azureml,2025-11-01,39
kedro-boot,2025-11-01,17
kedro-databricks,2025-11-01,97
kedro-docker,2025-11-01,123
kedro-kubeflow,2025-11-01,35
kedro-mlflow,2025-11-01,1260
kedro-sagemaker,2025-11-01,16
kedro-vertexai,2025-11-01,25
kedro-airflow,2025-11-02,652
kedro-azureml,2025-11-02,39
kedro-boot,2025-11-02,14
kedro-databricks,2025-11-02,102
kedro-docker,2025-11-02,85
kedro-kubeflow,2025-11-02,35
kedro-mlflow,2025-11-02,1710
kedro-sagemaker,2025-11-02,15
kedro-vertexai,2025-11-02,46
kedro-airflow,2025-11-03,759
kedro-azureml,2025-11-03,25
kedro-boot,2025-11-03,20
kedro-databricks,2025-11-03,141
kedro-docker,2025-11-03,333
kedro-kubeflow,2025-11-03,3
kedro-mlflow,2025-11-03,3588
kedro-sagemaker,2025-11-03,9
kedro-vertexai,2025-11-03,30
kedro-airflow,2025-11-04,737
kedro-azureml,2025-11-04,34
kedro-boot,2025-11-04,20
kedro-databricks,2025-11-04,199
kedro-docker,2025-11-04,147
kedro-kubeflow,2025-11-04,4
kedro-mlflow,2025-11-04,2702
kedro-sagemaker,2025-11-04,10
kedro-vertexai,2025-11-04,5
kedro-airflow,2025-11-05,702
kedro-azureml,2025-11-05,18
kedro-boot,2025-11-05,21
kedro-databricks,2025-11-05,246
kedro-docker,2025-11-05,105
kedro-kubeflow,2025-11-05,29
kedro-mlflow,2025-11-05,2672
kedro-sagemaker,2025-11-05,7
kedro-vertexai,2025-11-05,23
kedro-airflow,2025-11-06,246
kedro-azureml,2025-11-06,49
kedro-boot,2025-11-06,18
kedro-databricks,2025-11-06,240
kedro-docker,2025-11-06,137
kedro-kubeflow,2025-11-06,17
kedro-mlflow,2025-11-06,4163
kedro-sagemaker,2025-11-06,24
kedro-vertexai,2025-11-06,55
kedro-airflow,2025-11-07,466
kedro-azureml,2025-11-07,78
kedro-boot,2025-11-07,43
kedro-databricks,2025-11-07,265
kedro-docker,2025-11-07,127
kedro-kubeflow,2025-11-07,99
kedro-mlflow,2025-11-07,3984
kedro-sagemaker,2025-11-07,46
kedro-vertexai,2025-11-07,63
kedro-airflow,2025-11-08,238
kedro-azureml,2025-11-08,38
kedro-boot,2025-11-08,15
kedro-databricks,2025-11-08,116
kedro-docker,2025-11-08,99
kedro-kubeflow,2025-11-08,36
kedro-mlflow,2025-11-08,1780
kedro-sagemaker,2025-11-08,15
kedro-vertexai,2025-11-08,28
kedro-airflow,2025-11-09,101
kedro-azureml,2025-11-09,3
kedro-boot,2025-11-09,1
kedro-databricks,2025-11-09,34
kedro-docker,2025-11-09,51
kedro-kubeflow,2025-11-09,2
kedro-mlflow,2025-11-09,988
kedro-sagemaker,2025-11-09,1
kedro-vertexai,2025-11-09,10
kedro-airflow,2025-11-10,275
kedro-azureml,2025-11-10,8
kedro-boot,2025-11-10,45
kedro-databricks,2025-11-10,183
kedro-docker,2025-11-10,142
kedro-kubeflow,2025-11-10,3
kedro-mlflow,2025-11-10,1919
kedro-sagemaker,2025-11-10,34
kedro-vertexai,2025-11-10,9
kedro-airflow,2025-11-11,403
kedro-azureml,2025-11-11,23
kedro-boot,2025-11-11,35
kedro-databricks,2025-11-11,211
kedro-docker,2025-11-11,183
kedro-kubeflow,2025-11-11,12
kedro-mlflow,2025-11-11,2405
kedro-sagemaker,2025-11-11,3
kedro-vertexai,2025-11-11,14
kedro-airflow,2025-11-12,449
kedro-azureml,2025-11-12,4
kedro-boot,2025-11-12,47
kedro-databricks,2025-11-12,200
kedro-docker,2025-11-12,236
kedro-kubeflow,2025-11-12,1
kedro-mlflow,2025-11-12,3302
kedro-sagemaker,2025-11-12,11
kedro-vertexai,2025-11-12,2
kedro-airflow,2025-11-13,317
kedro-azureml,2025-11-13,11
kedro-boot,2025-11-13,25
kedro-databricks,2025-11-13,179
kedro-docker,2025-11-13,294
kedro-kubeflow,2025-11-13,7
kedro-mlflow,2025-11-13,3104
kedro-sagemaker,2025-11-13,29
kedro-vertexai,2025-11-13,21
kedro-airflow,2025-11-14,590
kedro-azureml,2025-11-14,66
kedro-boot,2025-11-14,5
kedro-databricks,2025-11-14,207
kedro-docker,2025-11-14,210
kedro-kubeflow,2025-11-14,2
kedro-mlflow,2025-11-14,3750
kedro-sagemaker,2025-11-14,6
kedro-vertexai,2025-11-14,9
kedro-airflow,2025-11-15,263
kedro-azureml,2025-11-15,2
kedro-boot,2025-11-15,1
kedro-databricks,2025-11-15,64
kedro-docker,2025-11-15,156
kedro-kubeflow,2025-11-15,3
kedro-mlflow,2025-11-15,659
kedro-sagemaker,2025-11-15,1
kedro-airflow,2025-11-16,233
kedro-azureml,2025-11-16,89
kedro-boot,2025-11-16,245
kedro-databricks,2025-11-16,235
kedro-docker,2025-11-16,147
kedro-kubeflow,2025-11-16,100
kedro-mlflow,2025-11-16,1078
kedro-sagemaker,2025-11-16,36
kedro-vertexai,2025-11-16,69
kedro-airflow,2025-11-17,342
kedro-azureml,2025-11-17,18
kedro-boot,2025-11-17,49
kedro-databricks,2025-11-17,194
kedro-docker,2025-11-17,189
kedro-kubeflow,2025-11-17,1
kedro-mlflow,2025-11-17,3760
kedro-vertexai,2025-11-17,13
kedro-airflow,2025-11-18,375
kedro-azureml,2025-11-18,10
kedro-boot,2025-11-18,23
kedro-databricks,2025-11-18,230
kedro-docker,2025-11-18,211
kedro-kubeflow,2025-11-18,52
kedro-mlflow,2025-11-18,3267
kedro-sagemaker,2025-11-18,24
kedro-vertexai,2025-11-18,34
kedro-airflow,2025-11-19,599
kedro-azureml,2025-11-19,8
kedro-boot,2025-11-19,40
kedro-databricks,2025-11-19,273
kedro-docker,2025-11-19,293
kedro-kubeflow,2025-11-19,2
kedro-mlflow,2025-11-19,3481
kedro-sagemaker,2025-11-19,7
kedro-vertexai,2025-11-19,23
kedro-airflow,2025-11-20,722
kedro-azureml,2025-11-20,10
kedro-boot,2025-11-20,16
kedro-databricks,2025-11-20,217
kedro-docker,2025-11-20,175
kedro-kubeflow,2025-11-20,5
kedro-mlflow,2025-11-20,3022
kedro-sagemaker,2025-11-20,13
kedro-vertexai,2025-11-20,20
kedro-airflow,2025-11-21,692
kedro-azureml,2025-11-21,39
kedro-boot,2025-11-21,36
kedro-databricks,2025-11-21,556
kedro-docker,2025-11-21,174
kedro-kubeflow,2025-11-21,58
kedro-mlflow,2025-11-21,3747
kedro-sagemaker,2025-11-21,21
kedro-vertexai,2025-11-21,93
kedro-airflow,2025-11-22,502
kedro-azureml,2025-11-22,37
kedro-boot,2025-11-22,19
kedro-databricks,2025-11-22,178
kedro-docker,2025-11-22,96
kedro-kubeflow,2025-11-22,35
kedro-mlflow,2025-11-22,1401
kedro-sagemaker,2025-11-22,14
kedro-vertexai,2025-11-22,59
kedro-airflow,2025-11-23,414
kedro-azureml,2025-11-23,4
kedro-boot,2025-11-23,10
kedro-databricks,2025-11-23,67
kedro-docker,2025-11-23,68
kedro-kubeflow,2025-11-23,4
kedro-mlflow,2025-11-23,1385
kedro-sagemaker,2025-11-23,4
kedro-vertexai,2025-11-23,31
kedro-airflow,2025-11-24,427
kedro-azureml,2025-11-24,53
kedro-boot,2025-11-24,40
kedro-databricks,2025-11-24,316
kedro-docker,2025-11-24,245
kedro-kubeflow,2025-11-24,36
kedro-mlflow,2025-11-24,2998
kedro-sagemaker,2025-11-24,25
kedro-vertexai,2025-11-24,50
kedro-airflow,2025-11-25,382
kedro-azureml,2025-11-25,59
kedro-boot,2025-11-25,26
kedro-databricks,2025-11-25,360
kedro-docker,2025-11-25,286
kedro-kubeflow,2025-11-25,65
kedro-mlflow,2025-11-25,3061
kedro-sagemaker,2025-11-25,52
kedro-vertexai,2025-11-25,65
kedro-airflow,2025-11-26,515
kedro-azureml,2025-11-26,54
kedro-boot,2025-11-26,41
kedro-databricks,2025-11-26,294
kedro-docker,2025-11-26,227
kedro-kubeflow,2025-11-26,36
kedro-mlflow,2025-11-26,3358
kedro-sagemaker,2025-11-26,30
kedro-vertexai,2025-11-26,39
kedro-airflow,2025-11-27,546
kedro-azureml,2025-11-27,3
kedro-boot,2025-11-27,10
kedro-databricks,2025-11-27,175
kedro-docker,2025-11-27,200
kedro-kubeflow,2025-11-27,2
kedro-mlflow,2025-11-27,3390
kedro-sagemaker,2025-11-27,10
kedro-vertexai,2025-11-27,2
kedro-airflow,2025-11-28,261
kedro-azureml,2025-11-28,9
kedro-boot,2025-11-28,15
kedro-databricks,2025-11-28,127
kedro-docker,2025-11-28,246
kedro-mlflow,2025-11-28,3067
kedro-sagemaker,2025-11-28,47
kedro-vertexai,2025-11-28,12
kedro-airflow,2025-11-29,205
kedro-azureml,2025-11-29,45
kedro-boot,2025-11-29,21
kedro-databricks,2025-11-29,139
kedro-docker,2025-11-29,118
kedro-kubeflow,2025-11-29,4
kedro-mlflow,2025-11-29,1248
kedro-sagemaker,2025-11-29,16
kedro-vertexai,2025-11-29,27
kedro-airflow,2025-11-30,508
kedro-azureml,2025-11-30,5
kedro-boot,2025-11-30,3
kedro-databricks,2025-11-30,78
kedro-docker,2025-11-30,78
kedro-kubeflow,2025-11-30,1
kedro-mlflow,2025-11-30,1441
kedro-sagemaker,2025-11-30,1
kedro-vertexai,2025-11-30,5
kedro-airflow,2025-12-01,401
kedro-azureml,2025-12-01,42
kedro-boot,2025-12-01,33
kedro-databricks,2025-12-01,252
kedro-docker,2025-12-01,320
kedro-kubeflow,2025-12-01,37
kedro-mlflow,2025-12-01,4254
kedro-sagemaker,2025-12-01,25
kedro-vertexai,2025-12-01,79
kedro-airflow,2025-12-02,348
kedro-azureml,2025-12-02,26
kedro-boot,2025-12-02,3
kedro-databricks,2025-12-02,171
kedro-docker,2025-12-02,202
kedro-mlflow,2025-12-02,3030
kedro-sagemaker,2025-12-02,57
kedro-vertexai,2025-12-02,4
kedro-airflow,2025-12-03,533
kedro-azureml,2025-12-03,14
kedro-boot,2025-12-03,38
kedro-databricks,2025-12-03,169
kedro-docker,2025-12-03,361
kedro-kubeflow,2025-12-03,3
kedro-mlflow,2025-12-03,2627
kedro-sagemaker,2025-12-03,43
kedro-vertexai,2025-12-03,14
kedro-airflow,2025-12-04,638
kedro-azureml,2025-12-04,2
kedro-boot,2025-12-04,27
kedro-databricks,2025-12-04,156
kedro-docker,2025-12-04,192
kedro-kubeflow,2025-12-04,4
kedro-mlflow,2025-12-04,3221
kedro-sagemaker,2025-12-04,8
kedro-vertexai,2025-12-04,43
kedro-airflow,2025-12-05,477
kedro-azureml,2025-12-05,59
kedro-boot,2025-12-05,29
kedro-databricks,2025-12-05,112
kedro-docker,2025-12-05,176
kedro-kubeflow,2025-12-05,26
kedro-mlflow,2025-12-05,3397
kedro-sagemaker,2025-12-05,52
kedro-vertexai,2025-12-05,40
kedro-airflow,2025-12-06,161
kedro-azureml,2025-12-06,64
kedro-boot,2025-12-06,47
kedro-databricks,2025-12-06,172
kedro-docker,2025-12-06,119
kedro-kubeflow,2025-12-06,60
kedro-mlflow,2025-12-06,1104
kedro-sagemaker,2025-12-06,41
kedro-vertexai,2025-12-06,53
kedro-airflow,2025-12-07,135
kedro-azureml,2025-12-07,4
kedro-boot,2025-12-07,10
kedro-databricks,2025-12-07,58
kedro-docker,2025-12-07,84
kedro-mlflow,2025-12-07,1084
kedro-sagemaker,2025-12-07,2
kedro-vertexai,2025-12-07,22
kedro-airflow,2025-12-08,575
kedro-azureml,2025-12-08,54
kedro-boot,2025-12-08,27
kedro-databricks,2025-12-08,198
kedro-docker,2025-12-08,324
kedro-kubeflow,2025-12-08,37
kedro-mlflow,2025-12-08,2824
kedro-sagemaker,2025-12-08,36
kedro-vertexai,2025-12-08,46
kedro-airflow,2025-12-09,306
kedro-azureml,2025-12-09,15
kedro-boot,2025-12-09,11
kedro-databricks,2025-12-09,124
kedro-docker,2025-12-09,196
kedro-kubeflow,2025-12-09,2
kedro-mlflow,2025-12-09,2907
kedro-sagemaker,2025-12-09,33
kedro-vertexai,2025-12-09,10
kedro-airflow,2025-12-10,525
kedro-azureml,2025-12-10,79
kedro-boot,2025-12-10,37
kedro-databricks,2025-12-10,190
kedro-docker,2025-12-10,315
kedro-kubeflow,2025-12-10,37
kedro-mlflow,2025-12-10,1911
kedro-sagemaker,2025-12-10,23
kedro-vertexai,2025-12-10,61
kedro-airflow,2025-12-11,814
kedro-azureml,2025-12-11,101
kedro-boot,2025-12-11,26
kedro-databricks,2025-12-11,446
kedro-docker,2025-12-11,190
kedro-kubeflow,2025-12-11,37
kedro-mlflow,2025-12-11,2085
kedro-sagemaker,2025-12-11,53
kedro-vertexai,2025-12-11,71
kedro-airflow,2025-12-12,889
kedro-azureml,2025-12-12,4
kedro-boot,2025-12-12,4
kedro-databricks,2025-12-12,145
kedro-docker,2025-12-12,164
kedro-kubeflow,2025-12-12,25
kedro-mlflow,2025-12-12,2307
kedro-sagemaker,2025-12-12,43
kedro-vertexai,2025-12-12,21
kedro-airflow,2025-12-13,113
kedro-azureml,2025-12-13,6
kedro-boot,2025-12-13,10
kedro-databricks,2025-12-13,74
kedro-docker,2025-12-13,89
kedro-kubeflow,2025-12-13,4
kedro-mlflow,2025-12-13,1037
kedro-sagemaker,2025-12-13,11
kedro-vertexai,2025-12-13,6
kedro-airflow,2025-12-14,276
kedro-azureml,2025-12-14,36
kedro-boot,2025-12-14,27
kedro-databricks,2025-12-14,156
kedro-docker,2025-12-14,135
kedro-kubeflow,2025-12-14,42
kedro-mlflow,2025-12-14,1078
kedro-sagemaker,2025-12-14,16
kedro-vertexai,2025-12-14,26
kedro-airflow,2025-12-15,522
kedro-azureml,2025-12-15,9
kedro-boot,2025-12-15,32
kedro-databricks,2025-12-15,101
kedro-docker,2025-12-15,247
kedro-kubeflow,2025-12-15,27
kedro-mlflow,2025-12-15,3792
kedro-sagemaker,2025-12-15,46
kedro-vertexai,2025-12-15,49
kedro-airflow,2025-12-16,945
kedro-azureml,2025-12-16,108
kedro-boot,2025-12-16,46
kedro-databricks,2025-12-16,194
kedro-docker,2025-12-16,205
kedro-kubeflow,2025-12-16,37
kedro-mlflow,2025-12-16,3242
kedro-sagemaker,2025-12-16,49
kedro-vertexai,2025-12-16,27
kedro-airflow,2025-12-17,342
kedro-azureml,2025-12-17,80
kedro-boot,2025-12-17,44
kedro-databricks,2025-12-17,220
kedro-docker,2025-12-17,263
kedro-kubeflow,2025-12-17,37
kedro-mlflow,2025-12-17,3090
kedro-sagemaker,2025-12-17,50
kedro-vertexai,2025-12-17,64
kedro-airflow,2025-12-18,990
kedro-azureml,2025-12-18,46
kedro-boot,2025-12-18,24
kedro-databricks,2025-12-18,153
kedro-docker,2025-12-18,276
kedro-kubeflow,2025-12-18,24
kedro-mlflow,2025-12-18,4087
kedro-sagemaker,2025-12-18,14
kedro-vertexai,2025-12-18,40
kedro-airflow,2025-12-19,1175
kedro-azureml,2025-12-19,9
kedro-boot,2025-12-19,14
kedro-databricks,2025-12-19,97
kedro-docker,2025-12-19,123
kedro-kubeflow,2025-12-19,10
kedro-mlflow,2025-12-19,2238
kedro-sagemaker,2025-12-19,4
kedro-vertexai,2025-12-19,19
kedro-airflow,2025-12-20,1129
kedro-azureml,2025-12-20,24
kedro-boot,2025-12-20,16
kedro-databricks,2025-12-20,121
kedro-docker,2025-12-20,99
kedro-kubeflow,2025-12-20,23
kedro-mlflow,2025-12-20,1102
kedro-sagemaker,2025-12-20,16
kedro-vertexai,2025-12-20,22
kedro-airflow,2025-12-21,664
kedro-azureml,2025-12-21,8
kedro-boot,2025-12-21,8
kedro-databricks,2025-12-21,80
kedro-docker,2025-12-21,66
kedro-kubeflow,2025-12-21,7
kedro-mlflow,2025-12-21,1102
kedro-sagemaker,2025-12-21,6
kedro-vertexai,2025-12-21,15
kedro-airflow,2025-12-22,1290
kedro-azureml,2025-12-22,14
kedro-boot,2025-12-22,33
kedro-databricks,2025-12-22,122
kedro-docker,2025-12-22,185
kedro-kubeflow,2025-12-22,3
kedro-mlflow,2025-12-22,2157
kedro-sagemaker,2025-12-22,10
kedro-vertexai,2025-12-22,9
kedro-airflow,2025-12-23,1234
kedro-azureml,2025-12-23,23
kedro-boot,2025-12-23,17
kedro-databricks,2025-12-23,120
kedro-docker,2025-12-23,226
kedro-kubeflow,2025-12-23,1
kedro-mlflow,2025-12-23,1966
kedro-airflow,2025-12-24,711
kedro-azureml,2025-12-24,24
kedro-boot,2025-12-24,35
kedro-databricks,2025-12-24,71
kedro-docker,2025-12-24,130
kedro-kubeflow,2025-12-24,8
kedro-mlflow,2025-12-24,1503
kedro-sagemaker,2025-12-24,18
kedro-vertexai,2025-12-24,8
kedro-airflow,2025-12-25,217
kedro-azureml,2025-12-25,57
kedro-boot,2025-12-25,9
kedro-databricks,2025-12-25,66
kedro-docker,2025-12-25,71
kedro-kubeflow,2025-12-25,6
kedro-mlflow,2025-12-25,1096
kedro-sagemaker,2025-12-25,15
kedro-vertexai,2025-12-25,6
kedro-airflow,2025-12-26,147
kedro-azureml,2025-12-26,21
kedro-databricks,2025-12-26,69
kedro-docker,2025-12-26,91
kedro-kubeflow,2025-12-26,4
kedro-mlflow,2025-12-26,1500
kedro-airflow,2025-12-27,203
kedro-boot,2025-12-27,7
kedro-databricks,2025-12-27,66
kedro-docker,2025-12-27,78
kedro-mlflow,2025-12-27,962
kedro-sagemaker,2025-12-27,14
kedro-vertexai,2025-12-27,1
kedro-airflow,2025-12-28,72
kedro-azureml,2025-12-28,40
kedro-boot,2025-12-28,16
kedro-databricks,2025-12-28,145
kedro-docker,2025-12-28,144
kedro-kubeflow,2025-12-28,60
kedro-mlflow,2025-12-28,1164
kedro-sagemaker,2025-12-28,15
kedro-vertexai,2025-12-28,32
kedro-airflow,2025-12-29,964
kedro-azureml,2025-12-29,80
kedro-boot,2025-12-29,25
kedro-databricks,2025-12-29,151
kedro-docker,2025-12-29,148
kedro-kubeflow,2025-12-29,42
kedro-mlflow,2025-12-29,3482
kedro-sagemaker,2025-12-29,15
kedro-vertexai,2025-12-29,46
kedro-airflow,2025-12-30,252
kedro-azureml,2025-12-30,4
kedro-boot,2025-12-30,19
kedro-databricks,2025-12-30,74
kedro-docker,2025-12-30,94
kedro-kubeflow,2025-12-30,2
kedro-mlflow,2025-12-30,4656
kedro-sagemaker,2025-12-30,3
kedro-vertexai,2025-12-30,4
kedro-airflow,2025-12-31,213
kedro-azureml,2025-12-31,4
kedro-boot,2025-12-31,35
kedro-databricks,2025-12-31,67
kedro-docker,2025-12-31,125
kedro-kubeflow,2025-12-31,4
kedro-mlflow,2025-12-31,2004
kedro-sagemaker,2025-12-31,7
kedro-vertexai,2025-12-31,18
kedro-airflow,2026-01-01,372
kedro-azureml,2026-01-01,38
kedro-boot,2026-01-01,16
kedro-databricks,2026-01-01,135
kedro-docker,2026-01-01,137
kedro-kubeflow,2026-01-01,36
kedro-mlflow,2026-01-01,1504
kedro-sagemaker,2026-01-01,14
kedro-vertexai,2026-01-01,27
kedro-airflow,2026-01-02,203
kedro-azureml,2026-01-02,38
kedro-boot,2026-01-02,20
kedro-databricks,2026-01-02,175
kedro-docker,2026-01-02,213
kedro-kubeflow,2026-01-02,38
kedro-mlflow,2026-01-02,1793
kedro-sagemaker,2026-01-02,21
kedro-vertexai,2026-01-02,29
kedro-airflow,2026-01-03,155
kedro-boot,2026-01-03,16
kedro-databricks,2026-01-03,64
kedro-docker,2026-01-03,113
kedro-mlflow,2026-01-03,1259
kedro-airflow,2026-01-04,130
kedro-azureml,2026-01-04,1
kedro-databricks,2026-01-04,64
kedro-docker,2026-01-04,227
kedro-kubeflow,2026-01-04,2
kedro-mlflow,2026-01-04,1260
kedro-airflow,2026-01-05,825
kedro-databricks,2026-01-05,100
kedro-docker,2026-01-05,198
kedro-kubeflow,2026-01-05,3
kedro-mlflow,2026-01-05,2547
kedro-sagemaker,2026-01-05,2
kedro-vertexai,2026-01-05,1
kedro-airflow,2026-01-06,931
kedro-azureml,2026-01-06,12
kedro-boot,2026-01-06,15
kedro-databricks,2026-01-06,125
kedro-docker,2026-01-06,123
kedro-kubeflow,2026-01-06,1
kedro-mlflow,2026-01-06,3397
kedro-sagemaker,2026-01-06,5
kedro-vertexai,2026-01-06,3
kedro-airflow,2026-01-07,985
kedro-boot,2026-01-07,45
kedro-databricks,2026-01-07,147
kedro-docker,2026-01-07,122
kedro-kubeflow,2026-01-07,37
kedro-mlflow,2026-01-07,2603
kedro-sagemaker,2026-01-07,1
kedro-vertexai,2026-01-07,4
kedro-airflow,2026-01-08,1227
kedro-azureml,2026-01-08,28
kedro-boot,2026-01-08,9
kedro-databricks,2026-01-08,197
kedro-docker,2026-01-08,286
kedro-kubeflow,2026-01-08,67
kedro-mlflow,2026-01-08,2526
kedro-sagemaker,2026-01-08,53
kedro-vertexai,2026-01-08,8
kedro-airflow,2026-01-09,1033
kedro-azureml,2026-01-09,4
kedro-boot,2026-01-09,3
kedro-databricks,2026-01-09,211
kedro-docker,2026-01-09,170
kedro-kubeflow,2026-01-09,42
kedro-mlflow,2026-01-09,2544
kedro-sagemaker,2026-01-09,10
kedro-vertexai,2026-01-09,42
kedro-airflow,2026-01-10,934
kedro-azureml,2026-01-10,38
kedro-boot,2026-01-10,21
kedro-databricks,2026-01-10,63
kedro-docker,2026-01-10,69
kedro-mlflow,2026-01-10,1254
kedro-sagemaker,2026-01-10,16
kedro-airflow,2026-01-11,686
kedro-azureml,2026-01-11,2
kedro-boot,2026-01-11,4
kedro-databricks,2026-01-11,250
kedro-docker,2026-01-11,68
kedro-kubeflow,2026-01-11,3
kedro-mlflow,2026-01-11,1191
kedro-sagemaker,2026-01-11,2
kedro-vertexai,2026-01-11,2
kedro-airflow,2026-01-12,848
kedro-azureml,2026-01-12,56
kedro-boot,2026-01-12,25
kedro-databricks,2026-01-12,267
kedro-docker,2026-01-12,230
kedro-kubeflow,2026-01-12,62
kedro-mlflow,2026-01-12,2651
kedro-sagemaker,2026-01-12,29
kedro-vertexai,2026-01-12,36
kedro-airflow,2026-01-13,745
kedro-azureml,2026-01-13,14
kedro-boot,2026-01-13,6
kedro-databricks,2026-01-13,244
kedro-docker,2026-01-13,236
kedro-mlflow,2026-01-13,2537
kedro-sagemaker,2026-01-13,31
kedro-vertexai,2026-01-13,35
kedro-airflow,2026-01-14,1438
kedro-azureml,2026-01-14,40
kedro-boot,2026-01-14,15
kedro-databricks,2026-01-14,252
kedro-docker,2026-01-14,193
kedro-kubeflow,2026-01-14,35
kedro-mlflow,2026-01-14,2499
kedro-sagemaker,2026-01-14,19
kedro-vertexai,2026-01-14,20
kedro-airflow,2026-01-15,765
kedro-azureml,2026-01-15,78
kedro-boot,2026-01-15,31
kedro-databricks,2026-01-15,264
kedro-docker,2026-01-15,190
kedro-kubeflow,2026-01-15,35
kedro-mlflow,2026-01-15,2709
kedro-sagemaker,2026-01-15,33
kedro-vertexai,2026-01-15,34
kedro-airflow,2026-01-16,868
kedro-boot,2026-01-16,16
kedro-databricks,2026-01-16,219
kedro-docker,2026-01-16,143
kedro-kubeflow,2026-01-16,4
kedro-mlflow,2026-01-16,2702
kedro-sagemaker,2026-01-16,29
kedro-vertexai,2026-01-16,11
kedro-airflow,2026-01-17,544
kedro-azureml,2026-01-17,10
kedro-boot,2026-01-17,9
kedro-databricks,2026-01-17,174
kedro-docker,2026-01-17,76
kedro-kubeflow,2026-01-17,8
kedro-mlflow,2026-01-17,1320
kedro-sagemaker,2026-01-17,8
kedro-vertexai,2026-01-17,14
kedro-airflow,2026-01-18,152
kedro-azureml,2026-01-18,58
kedro-boot,2026-01-18,16
kedro-databricks,2026-01-18,176
kedro-docker,2026-01-18,109
kedro-kubeflow,2026-01-18,53
kedro-mlflow,2026-01-18,1646
kedro-sagemaker,2026-01-18,19
kedro-vertexai,2026-01-18,35
kedro-airflow,2026-01-19,229
kedro-azureml,2026-01-19,38
kedro-boot,2026-01-19,24
kedro-databricks,2026-01-19,277
kedro-docker,2026-01-19,228
kedro-kubeflow,2026-01-19,36
kedro-mlflow,2026-01-19,3850
kedro-sagemaker,2026-01-19,71
kedro-vertexai,2026-01-19,86
kedro-airflow,2026-01-20,352
kedro-azureml,2026-01-20,5
kedro-boot,2026-01-20,36
kedro-databricks,2026-01-20,435
kedro-docker,2026-01-20,151
kedro-kubeflow,2026-01-20,8
kedro-mlflow,2026-01-20,3085
kedro-sagemaker,2026-01-20,28
kedro-vertexai,2026-01-20,28
kedro-airflow,2026-01-21,219
kedro-boot,2026-01-21,50
kedro-databricks,2026-01-21,457
kedro-docker,2026-01-21,201
kedro-kubeflow,2026-01-21,5
kedro-mlflow,2026-01-21,3524
kedro-sagemaker,2026-01-21,36
kedro-vertexai,2026-01-21,26
kedro-airflow,2026-01-22,346
kedro-azureml,2026-01-22,33
kedro-boot,2026-01-22,26
kedro-databricks,2026-01-22,288
kedro-docker,2026-01-22,179
kedro-kubeflow,2026-01-22,3
kedro-mlflow,2026-01-22,6986
kedro-sagemaker,2026-01-22,51
kedro-vertexai,2026-01-22,21
kedro-airflow,2026-01-23,142
kedro-azureml,2026-01-23,24
kedro-boot,2026-01-23,20
kedro-databricks,2026-01-23,194
kedro-docker,2026-01-23,147
kedro-mlflow,2026-01-23,7405
kedro-sagemaker,2026-01-23,57
kedro-vertexai,2026-01-23,69
kedro-airflow,2026-01-24,81
kedro-azureml,2026-01-24,36
kedro-boot,2026-01-24,18
kedro-databricks,2026-01-24,208
kedro-docker,2026-01-24,92
kedro-kubeflow,2026-01-24,35
kedro-mlflow,2026-01-24,1345
kedro-sagemaker,2026-01-24,14
kedro-vertexai,2026-01-24,27
kedro-airflow,2026-01-25,18
kedro-azureml,2026-01-25,1
kedro-databricks,2026-01-25,131
kedro-docker,2026-01-25,70
kedro-mlflow,2026-01-25,1347
kedro-vertexai,2026-01-25,8
kedro-airflow,2026-01-26,248
kedro-azureml,2026-01-26,38
kedro-boot,2026-01-26,26
kedro-databricks,2026-01-26,287
kedro-docker,2026-01-26,212
kedro-kubeflow,2026-01-26,51
kedro-mlflow,2026-01-26,4102
kedro-sagemaker,2026-01-26,51
kedro-vertexai,2026-01-26,62
kedro-airflow,2026-01-27,345
kedro-azureml,2026-01-27,46
kedro-boot,2026-01-27,50
kedro-databricks,2026-01-27,360
kedro-docker,2026-01-27,179
kedro-kubeflow,2026-01-27,41
kedro-mlflow,2026-01-27,2849
kedro-sagemaker,2026-01-27,22
kedro-vertexai,2026-01-27,76
kedro-airflow,2026-01-28,211
kedro-azureml,2026-01-28,42
kedro-boot,2026-01-28,29
kedro-databricks,2026-01-28,299
kedro-docker,2026-01-28,202
kedro-mlflow,2026-01-28,3095
kedro-sagemaker,2026-01-28,42
kedro-vertexai,2026-01-28,72
kedro-airflow,2026-01-29,237
kedro-azureml,2026-01-29,43
kedro-boot,2026-01-29,6
kedro-databricks,2026-01-29,209
kedro-docker,2026-01-29,179
kedro-kubeflow,2026-01-29,1
kedro-mlflow,2026-01-29,2925
kedro-sagemaker,2026-01-29,13
kedro-vertexai,2026-01-29,46
kedro-airflow,2026-01-30,255
kedro-azureml,2026-01-30,59
kedro-boot,2026-01-30,29
kedro-databricks,2026-01-30,405
kedro-docker,2026-01-30,263
kedro-kubeflow,2026-01-30,54
kedro-mlflow,2026-01-30,2790
kedro-sagemaker,2026-01-30,38
kedro-vertexai,2026-01-30,121
kedro-airflow,2026-01-31,67
kedro-azureml,2026-01-31,15
kedro-boot,2026-01-31,14
kedro-databricks,2026-01-31,355
kedro-docker,2026-01-31,77
kedro-kubeflow,2026-01-31,98
kedro-mlflow,2026-01-31,1840
kedro-sagemaker,2026-01-31,14
kedro-vertexai,2026-01-31,16
kedro-airflow,2026-02-01,49
kedro-azureml,2026-02-01,3
kedro-boot,2026-02-01,3
kedro-databricks,2026-02-01,151
kedro-docker,2026-02-01,80
kedro-kubeflow,2026-02-01,2
kedro-mlflow,2026-02-01,1625
kedro-sagemaker,2026-02-01,2
kedro-vertexai,2026-02-01,7
kedro-airflow,2026-02-02,338
kedro-azureml,2026-02-02,38
kedro-boot,2026-02-02,31
kedro-databricks,2026-02-02,380
kedro-docker,2026-02-02,143
kedro-kubeflow,2026-02-02,38
kedro-mlflow,2026-02-02,3398
kedro-sagemaker,2026-02-02,27
kedro-vertexai,2026-02-02,144
kedro-airflow,2026-02-03,321
kedro-azureml,2026-02-03,57
kedro-boot,2026-02-03,41
kedro-databricks,2026-02-03,346
kedro-docker,2026-02-03,222
kedro-kubeflow,2026-02-03,41
kedro-mlflow,2026-02-03,3323
kedro-sagemaker,2026-02-03,32
kedro-vertexai,2026-02-03,57
kedro-airflow,2026-02-04,208
kedro-azureml,2026-02-04,16
kedro-boot,2026-02-04,58
kedro-databricks,2026-02-04,265
kedro-docker,2026-02-04,237
kedro-kubeflow,2026-02-04,4
kedro-mlflow,2026-02-04,3136
kedro-sagemaker,2026-02-04,18
kedro-vertexai,2026-02-04,56
kedro-airflow,2026-02-05,184
kedro-azureml,2026-02-05,58
kedro-boot,2026-02-05,28
kedro-databricks,2026-02-05,434
kedro-docker,2026-02-05,312
kedro-kubeflow,2026-02-05,62
kedro-mlflow,2026-02-05,3289
kedro-sagemaker,2026-02-05,11
kedro-vertexai,2026-02-05,99
kedro-airflow,2026-02-06,305
kedro-azureml,2026-02-06,60
kedro-boot,2026-02-06,37
kedro-databricks,2026-02-06,372
kedro-docker,2026-02-06,249
kedro-kubeflow,2026-02-06,39
kedro-mlflow,2026-02-06,3744
kedro-sagemaker,2026-02-06,24
kedro-vertexai,2026-02-06,103
kedro-airflow,2026-02-07,39
kedro-azureml,2026-02-07,4
kedro-boot,2026-02-07,4
kedro-databricks,2026-02-07,168
kedro-docker,2026-02-07,198
kedro-kubeflow,2026-02-07,1
kedro-mlflow,2026-02-07,1613
kedro-sagemaker,2026-02-07,4
kedro-vertexai,2026-02-07,14
kedro-airflow,2026-02-08,35
kedro-azureml,2026-02-08,6
kedro-boot,2026-02-08,10
kedro-databricks,2026-02-08,112
kedro-docker,2026-02-08,223
kedro-kubeflow,2026-02-08,4
kedro-mlflow,2026-02-08,1479
kedro-sagemaker,2026-02-08,4
kedro-vertexai,2026-02-08,8
kedro-airflow,2026-02-09,153
kedro-azureml,2026-02-09,9
kedro-boot,2026-02-09,31
kedro-databricks,2026-02-09,306
kedro-docker,2026-02-09,215
kedro-kubeflow,2026-02-09,1
kedro-mlflow,2026-02-09,10953
kedro-sagemaker,2026-02-09,10
kedro-vertexai,2026-02-09,90
kedro-airflow,2026-02-10,200
kedro-azureml,2026-02-10,9
kedro-boot,2026-02-10,21
kedro-databricks,2026-02-10,348
kedro-docker,2026-02-10,195
kedro-kubeflow,2026-02-10,1
kedro-mlflow,2026-02-10,3549
kedro-sagemaker,2026-02-10,6
kedro-vertexai,2026-02-10,30
kedro-airflow,2026-02-11,433
kedro-azureml,2026-02-11,102
kedro-boot,2026-02-11,64
kedro-databricks,2026-02-11,854
kedro-docker,2026-02-11,250
kedro-kubeflow,2026-02-11,81
kedro-mlflow,2026-02-11,3782
kedro-sagemaker,2026-02-11,59
kedro-vertexai,2026-02-11,116
kedro-airflow,2026-02-12,228
kedro-azureml,2026-02-12,29
kedro-boot,2026-02-12,37
kedro-databricks,2026-02-12,505
kedro-docker,2026-02-12,335
kedro-kubeflow,2026-02-12,10
kedro-mlflow,2026-02-12,3122
kedro-sagemaker,2026-02-12,31
kedro-vertexai,2026-02-12,24
kedro-airflow,2026-02-13,283
kedro-azureml,2026-02-13,40
kedro-boot,2026-02-13,39
kedro-databricks,2026-02-13,290
kedro-docker,2026-02-13,299
kedro-kubeflow,2026-02-13,25
kedro-mlflow,2026-02-13,3457
kedro-sagemaker,2026-02-13,22
kedro-vertexai,2026-02-13,52
kedro-airflow,2026-02-14,32
kedro-azureml,2026-02-14,7
kedro-boot,2026-02-14,8
kedro-databricks,2026-02-14,156
kedro-docker,2026-02-14,114
kedro-kubeflow,2026-02-14,8
kedro-mlflow,2026-02-14,1724
kedro-sagemaker,2026-02-14,6
kedro-vertexai,2026-02-14,10
kedro-airflow,2026-02-15,49
kedro-azureml,2026-02-15,6
kedro-boot,2026-02-15,9
kedro-databricks,2026-02-15,173
kedro-docker,2026-02-15,143
kedro-kubeflow,2026-02-15,4
kedro-mlflow,2026-02-15,1667
kedro-sagemaker,2026-02-15,5
kedro-vertexai,2026-02-15,7
kedro-airflow,2026-02-16,117
kedro-azureml,2026-02-16,10
kedro-boot,2026-02-16,15
kedro-databricks,2026-02-16,335
kedro-docker,2026-02-16,254
kedro-kubeflow,2026-02-16,15
kedro-mlflow,2026-02-16,4177
kedro-sagemaker,2026-02-16,8
kedro-vertexai,2026-02-16,30
kedro-airflow,2026-02-17,244
kedro-azureml,2026-02-17,4
kedro-boot,2026-02-17,19
kedro-databricks,2026-02-17,317
kedro-docker,2026-02-17,119
kedro-kubeflow,2026-02-17,5
kedro-mlflow,2026-02-17,4435
kedro-sagemaker,2026-02-17,6
kedro-vertexai,2026-02-17,3
kedro-airflow,2026-02-18,312
kedro-azureml,2026-02-18,6
kedro-boot,2026-02-18,26
kedro-databricks,2026-02-18,328
kedro-docker,2026-02-18,137
kedro-mlflow,2026-02-18,3300
kedro-sagemaker,2026-02-18,4
kedro-vertexai,2026-02-18,61
kedro-airflow,2026-02-19,467
kedro-azureml,2026-02-19,4
kedro-boot,2026-02-19,2
kedro-databricks,2026-02-19,465
kedro-docker,2026-02-19,251
kedro-mlflow,2026-02-19,3442
kedro-sagemaker,2026-02-19,6
kedro-vertexai,2026-02-19,144
kedro-airflow,2026-02-20,246
kedro-azureml,2026-02-20,43
kedro-boot,2026-02-20,18
kedro-databricks,2026-02-20,296
kedro-docker,2026-02-20,211
kedro-kubeflow,2026-02-20,37
kedro-mlflow,2026-02-20,3346
kedro-sagemaker,2026-02-20,14
kedro-vertexai,2026-02-20,69
kedro-airflow,2026-02-21,34
kedro-azureml,2026-02-21,1
kedro-databricks,2026-02-21,115
kedro-docker,2026-02-21,75
kedro-kubeflow,2026-02-21,8
kedro-mlflow,2026-02-21,1504
kedro-sagemaker,2026-02-21,2
kedro-vertexai,2026-02-21,2
kedro-airflow,2026-02-22,34
kedro-azureml,2026-02-22,2
kedro-databricks,2026-02-22,133
kedro-docker,2026-02-22,133
kedro-kubeflow,2026-02-22,4
kedro-mlflow,2026-02-22,1771
kedro-vertexai,2026-02-22,2
kedro-airflow,2026-02-23,107
kedro-azureml,2026-02-23,12
kedro-boot,2026-02-23,18
kedro-databricks,2026-02-23,367
kedro-docker,2026-02-23,235
kedro-kubeflow,2026-02-23,6
kedro-mlflow,2026-02-23,3425
kedro-sagemaker,2026-02-23,6
kedro-vertexai,2026-02-23,161
kedro-airflow,2026-02-24,193
kedro-azureml,2026-02-24,12
kedro-boot,2026-02-24,15
kedro-databricks,2026-02-24,429
kedro-docker,2026-02-24,205
kedro-kubeflow,2026-02-24,6
kedro-mlflow,2026-02-24,4182
kedro-sagemaker,2026-02-24,25
kedro-vertexai,2026-02-24,159
kedro-airflow,2026-02-25,189
kedro-azureml,2026-02-25,50
kedro-boot,2026-02-25,21
kedro-databricks,2026-02-25,372
kedro-docker,2026-02-25,122
kedro-kubeflow,2026-02-25,6
kedro-mlflow,2026-02-25,4320
kedro-sagemaker,2026-02-25,19
kedro-vertexai,2026-02-25,80
kedro-airflow,2026-02-26,445
kedro-azureml,2026-02-26,51
kedro-boot,2026-02-26,26
kedro-databricks,2026-02-26,325
kedro-docker,2026-02-26,213
kedro-kubeflow,2026-02-26,31
kedro-mlflow,2026-02-26,3174
kedro-sagemaker,2026-02-26,29
kedro-vertexai,2026-02-26,57
kedro-airflow,2026-02-27,221
kedro-azureml,2026-02-27,6
kedro-boot,2026-02-27,13
kedro-databricks,2026-02-27,281
kedro-docker,2026-02-27,186
kedro-mlflow,2026-02-27,3428
kedro-sagemaker,2026-02-27,19
kedro-vertexai,2026-02-27,18
kedro-airflow,2026-02-28,63
kedro-azureml,2026-02-28,2
kedro-boot,2026-02-28,2
kedro-databricks,2026-02-28,197
kedro-docker,2026-02-28,162
kedro-mlflow,2026-02-28,1696
kedro-vertexai,2026-02-28,2
kedro-airflow,2026-03-01,53
kedro-azureml,2026-03-01,5
kedro-boot,2026-03-01,2
kedro-databricks,2026-03-01,161
kedro-docker,2026-03-01,204
kedro-kubeflow,2026-03-01,2
kedro-mlflow,2026-03-01,1921
kedro-sagemaker,2026-03-01,2
kedro-vertexai,2026-03-01,19
kedro-airflow,2026-03-02,210
kedro-azureml,2026-03-02,40
kedro-boot,2026-03-02,8
kedro-databricks,2026-03-02,376
kedro-docker,2026-03-02,164
kedro-kubeflow,2026-03-02,4
kedro-mlflow,2026-03-02,5165
kedro-sagemaker,2026-03-02,13
kedro-vertexai,2026-03-02,21
kedro-airflow,2026-03-03,274
kedro-azureml,2026-03-03,8
kedro-boot,2026-03-03,3
kedro-databricks,2026-03-03,287
kedro-docker,2026-03-03,222
kedro-kubeflow,2026-03-03,4
kedro-mlflow,2026-03-03,3738
kedro-sagemaker,2026-03-03,27
kedro-vertexai,2026-03-03,72
kedro-airflow,2026-03-04,310
kedro-azureml,2026-03-04,56
kedro-boot,2026-03-04,27
kedro-databricks,2026-03-04,333
kedro-docker,2026-03-04,207
kedro-kubeflow,2026-03-04,32
kedro-mlflow,2026-03-04,2774
kedro-sagemaker,2026-03-04,12
kedro-vertexai,2026-03-04,23
kedro-airflow,2026-03-05,149
kedro-azureml,2026-03-05,19
kedro-databricks,2026-03-05,348
kedro-docker,2026-03-05,216
kedro-kubeflow,2026-03-05,25
kedro-mlflow,2026-03-05,2680
kedro-sagemaker,2026-03-05,34
kedro-vertexai,2026-03-05,47
kedro-airflow,2026-03-06,162
kedro-databricks,2026-03-06,335
kedro-docker,2026-03-06,370
kedro-kubeflow,2026-03-06,34
kedro-mlflow,2026-03-06,2993
kedro-sagemaker,2026-03-06,17
kedro-vertexai,2026-03-06,73
kedro-airflow,2026-03-07,35
kedro-azureml,2026-03-07,32
kedro-boot,2026-03-07,23
kedro-databricks,2026-03-07,190
kedro-docker,2026-03-07,130
kedro-kubeflow,2026-03-07,18
kedro-mlflow,2026-03-07,1150
kedro-sagemaker,2026-03-07,21
kedro-vertexai,2026-03-07,23
kedro-airflow,2026-03-08,37
kedro-azureml,2026-03-08,4
kedro-boot,2026-03-08,2
kedro-databricks,2026-03-08,171
kedro-docker,2026-03-08,99
kedro-kubeflow,2026-03-08,6
kedro-mlflow,2026-03-08,1356
kedro-vertexai,2026-03-08,1
kedro-airflow,2026-03-09,156
kedro-azureml,2026-03-09,32
kedro-boot,2026-03-09,13
kedro-databricks,2026-03-09,356
kedro-docker,2026-03-09,228
kedro-kubeflow,2026-03-09,49
kedro-mlflow,2026-03-09,5410
kedro-sagemaker,2026-03-09,28
kedro-vertexai,2026-03-09,69
kedro-airflow,2026-03-10,150
kedro-azureml,2026-03-10,21
kedro-boot,2026-03-10,10
kedro-databricks,2026-03-10,404
kedro-docker,2026-03-10,232
kedro-kubeflow,2026-03-10,96
kedro-mlflow,2026-03-10,4214
kedro-sagemaker,2026-03-10,36
kedro-vertexai,2026-03-10,70
kedro-airflow,2026-03-11,207
kedro-azureml,2026-03-11,26
kedro-boot,2026-03-11,39
kedro-databricks,2026-03-11,327
kedro-docker,2026-03-11,207
kedro-kubeflow,2026-03-11,16
kedro-mlflow,2026-03-11,10156
kedro-sagemaker,2026-03-11,39
kedro-vertexai,2026-03-11,19
kedro-airflow,2026-03-12,214
kedro-boot,2026-03-12,2
kedro-databricks,2026-03-12,327
kedro-docker,2026-03-12,303
kedro-mlflow,2026-03-12,4774
kedro-sagemaker,2026-03-12,36
kedro-vertexai,2026-03-12,20
kedro-airflow,2026-03-13,128
kedro-azureml,2026-03-13,8
kedro-boot,2026-03-13,12
kedro-databricks,2026-03-13,294
kedro-docker,2026-03-13,280
kedro-kubeflow,2026-03-13,4
kedro-mlflow,2026-03-13,3070
kedro-sagemaker,2026-03-13,61
kedro-vertexai,2026-03-13,73
kedro-airflow,2026-03-14,56
kedro-azureml,2026-03-14,42
kedro-boot,2026-03-14,24
kedro-databricks,2026-03-14,266
kedro-docker,2026-03-14,116
kedro-kubeflow,2026-03-14,41
kedro-mlflow,2026-03-14,1768
kedro-sagemaker,2026-03-14,21
kedro-vertexai,2026-03-14,31
kedro-airflow,2026-03-15,32
kedro-azureml,2026-03-15,2
kedro-databricks,2026-03-15,136
kedro-docker,2026-03-15,154
kedro-kubeflow,2026-03-15,4
kedro-mlflow,2026-03-15,1705
kedro-vertexai,2026-03-15,1
kedro-airflow,2026-03-16,134
kedro-azureml,2026-03-16,16
kedro-boot,2026-03-16,18
kedro-databricks,2026-03-16,317
kedro-docker,2026-03-16,384
kedro-kubeflow,2026-03-16,2
kedro-mlflow,2026-03-16,3789
kedro-sagemaker,2026-03-16,10
kedro-vertexai,2026-03-16,47
kedro-airflow,2026-03-17,299
kedro-azureml,2026-03-17,36
kedro-boot,2026-03-17,21
kedro-databricks,2026-03-17,446
kedro-docker,2026-03-17,290
kedro-kubeflow,2026-03-17,35
kedro-mlflow,2026-03-17,3624
kedro-sagemaker,2026-03-17,15
kedro-vertexai,2026-03-17,62
kedro-airflow,2026-03-18,272
kedro-azureml,2026-03-18,51
kedro-boot,2026-03-18,42
kedro-databricks,2026-03-18,443
kedro-docker,2026-03-18,219
kedro-kubeflow,2026-03-18,41
kedro-mlflow,2026-03-18,3493
kedro-sagemaker,2026-03-18,20
kedro-vertexai,2026-03-18,87
kedro-airflow,2026-03-19,102
kedro-azureml,2026-03-19,18
kedro-boot,2026-03-19,13
kedro-databricks,2026-03-19,323
kedro-docker,2026-03-19,342
kedro-kubeflow,2026-03-19,10
kedro-mlflow,2026-03-19,4301
kedro-sagemaker,2026-03-19,57
kedro-vertexai,2026-03-19,112
kedro-airflow,2026-03-20,168
kedro-azureml,2026-03-20,1
kedro-boot,2026-03-20,6
kedro-databricks,2026-03-20,382
kedro-docker,2026-03-20,208
kedro-kubeflow,2026-03-20,8
kedro-mlflow,2026-03-20,3078
kedro-sagemaker,2026-03-20,24
kedro-vertexai,2026-03-20,123
kedro-airflow,2026-03-21,36
kedro-databricks,2026-03-21,126
kedro-docker,2026-03-21,120
kedro-mlflow,2026-03-21,1695
kedro-vertexai,2026-03-21,16
kedro-airflow,2026-03-22,52
kedro-boot,2026-03-22,2
kedro-databricks,2026-03-22,142
kedro-docker,2026-03-22,93
kedro-mlflow,2026-03-22,1818
kedro-vertexai,2026-03-22,71
kedro-airflow,2026-03-23,205
kedro-azureml,2026-03-23,6
kedro-boot,2026-03-23,19
kedro-databricks,2026-03-23,361
kedro-docker,2026-03-23,319
kedro-kubeflow,2026-03-23,9
kedro-mlflow,2026-03-23,3286
kedro-sagemaker,2026-03-23,24
kedro-vertexai,2026-03-23,50
kedro-airflow,2026-03-24,159
kedro-azureml,2026-03-24,20
kedro-boot,2026-03-24,4
kedro-databricks,2026-03-24,369
kedro-docker,2026-03-24,256
kedro-kubeflow,2026-03-24,5
kedro-mlflow,2026-03-24,3459
kedro-sagemaker,2026-03-24,22
kedro-vertexai,2026-03-24,84
kedro-airflow,2026-03-25,310
kedro-azureml,2026-03-25,48
kedro-boot,2026-03-25,68
kedro-databricks,2026-03-25,523
kedro-docker,2026-03-25,301
kedro-kubeflow,2026-03-25,35
kedro-mlflow,2026-03-25,4019
kedro-sagemaker,2026-03-25,46
kedro-vertexai,2026-03-25,177
kedro-airflow,2026-03-26,298
kedro-azureml,2026-03-26,1
kedro-boot,2026-03-26,22
kedro-databricks,2026-03-26,299
kedro-docker,2026-03-26,372
kedro-kubeflow,2026-03-26,12
kedro-mlflow,2026-03-26,3734
kedro-sagemaker,2026-03-26,1
kedro-vertexai,2026-03-26,96
kedro-airflow,2026-03-27,219
kedro-azureml,2026-03-27,3
kedro-boot,2026-03-27,16
kedro-databricks,2026-03-27,340
kedro-docker,2026-03-27,238
kedro-kubeflow,2026-03-27,57
kedro-mlflow,2026-03-27,3143
kedro-sagemaker,2026-03-27,25
kedro-vertexai,2026-03-27,60
kedro-airflow,2026-03-28,161
kedro-azureml,2026-03-28,42
kedro-boot,2026-03-28,24
kedro-databricks,2026-03-28,213
kedro-docker,2026-03-28,159
kedro-kubeflow,2026-03-28,72
kedro-mlflow,2026-03-28,2474
kedro-sagemaker,2026-03-28,21
kedro-vertexai,2026-03-28,32
kedro-airflow,2026-03-29,45
kedro-azureml,2026-03-29,10
kedro-boot,2026-03-29,8
kedro-databricks,2026-03-29,187
kedro-docker,2026-03-29,115
kedro-kubeflow,2026-03-29,8
kedro-mlflow,2026-03-29,2295
kedro-sagemaker,2026-03-29,7
kedro-vertexai,2026-03-29,13
kedro-airflow,2026-03-30,397
kedro-azureml,2026-03-30,36
kedro-boot,2026-03-30,44
kedro-databricks,2026-03-30,292
kedro-docker,2026-03-30,285
kedro-mlflow,2026-03-30,6763
kedro-sagemaker,2026-03-30,13
kedro-vertexai,2026-03-30,133
kedro-airflow,2026-03-31,358
kedro-azureml,2026-03-31,48
kedro-boot,2026-03-31,25
kedro-databricks,2026-03-31,355
kedro-docker,2026-03-31,351
kedro-mlflow,2026-03-31,7532
kedro-sagemaker,2026-03-31,21
kedro-vertexai,2026-03-31,107
kedro-airflow,2026-04-01,414
kedro-azureml,2026-04-01,34
kedro-boot,2026-04-01,43
kedro-databricks,2026-04-01,400
kedro-docker,2026-04-01,286
kedro-kubeflow,2026-04-01,33
kedro-mlflow,2026-04-01,5379
kedro-sagemaker,2026-04-01,6
kedro-vertexai,2026-04-01,111
kedro-airflow,2026-04-02,168
kedro-azureml,2026-04-02,3
kedro-boot,2026-04-02,20
kedro-databricks,2026-04-02,440
kedro-docker,2026-04-02,227
kedro-mlflow,2026-04-02,3983
kedro-sagemaker,2026-04-02,35
kedro-vertexai,2026-04-02,21
kedro-airflow,2026-04-03,122
kedro-boot,2026-04-03,2
kedro-databricks,2026-04-03,414
kedro-docker,2026-04-03,153
kedro-kubeflow,2026-04-03,16
kedro-mlflow,2026-04-03,2737
kedro-sagemaker,2026-04-03,14
kedro-vertexai,2026-04-03,1
kedro-airflow,2026-04-04,93
kedro-azureml,2026-04-04,6
kedro-boot,2026-04-04,6
kedro-databricks,2026-04-04,121
kedro-docker,2026-04-04,189
kedro-kubeflow,2026-04-04,6
kedro-mlflow,2026-04-04,2537
kedro-sagemaker,2026-04-04,13
kedro-vertexai,2026-04-04,7
kedro-airflow,2026-04-05,66
kedro-databricks,2026-04-05,114
kedro-docker,2026-04-05,223
kedro-mlflow,2026-04-05,2054
kedro-sagemaker,2026-04-05,4
kedro-vertexai,2026-04-05,2
kedro-airflow,2026-04-06,108
kedro-azureml,2026-04-06,1
kedro-boot,2026-04-06,7
kedro-databricks,2026-04-06,290
kedro-docker,2026-04-06,173
kedro-kubeflow,2026-04-06,27
kedro-mlflow,2026-04-06,3518
kedro-sagemaker,2026-04-06,68
kedro-vertexai,2026-04-06,6
kedro-airflow,2026-04-07,235
kedro-azureml,2026-04-07,50
kedro-boot,2026-04-07,19
kedro-databricks,2026-04-07,606
kedro-docker,2026-04-07,278
kedro-kubeflow,2026-04-07,61
kedro-mlflow,2026-04-07,4388
kedro-sagemaker,2026-04-07,76
kedro-vertexai,2026-04-07,72
kedro-airflow,2026-04-08,210
kedro-azureml,2026-04-08,5
kedro-boot,2026-04-08,38
kedro-databricks,2026-04-08,588
kedro-docker,2026-04-08,232
kedro-kubeflow,2026-04-08,6
kedro-mlflow,2026-04-08,5178
kedro-sagemaker,2026-04-08,25
kedro-vertexai,2026-04-08,66
kedro-airflow,2026-04-09,249
kedro-azureml,2026-04-09,120
kedro-boot,2026-04-09,48
kedro-databricks,2026-04-09,557
kedro-docker,2026-04-09,330
kedro-kubeflow,2026-04-09,60
kedro-mlflow,2026-04-09,7298
kedro-sagemaker,2026-04-09,25
kedro-vertexai,2026-04-09,130
kedro-airflow,2026-04-10,376
kedro-azureml,2026-04-10,10
kedro-boot,2026-04-10,20
kedro-databricks,2026-04-10,359
kedro-docker,2026-04-10,237
kedro-kubeflow,2026-04-10,13
kedro-mlflow,2026-04-10,4860
kedro-sagemaker,2026-04-10,11
kedro-vertexai,2026-04-10,151
kedro-airflow,2026-04-11,92
kedro-azureml,2026-04-11,2
kedro-databricks,2026-04-11,126
kedro-docker,2026-04-11,160
kedro-kubeflow,2026-04-11,2
kedro-mlflow,2026-04-11,2090
kedro-vertexai,2026-04-11,5
kedro-airflow,2026-04-12,110
kedro-azureml,2026-04-12,50
kedro-boot,2026-04-12,31
kedro-databricks,2026-04-12,227
kedro-docker,2026-04-12,161
kedro-kubeflow,2026-04-12,38
kedro-mlflow,2026-04-12,2079
kedro-sagemaker,2026-04-12,16
kedro-vertexai,2026-04-12,78
kedro-airflow,2026-04-13,446
kedro-azureml,2026-04-13,88
kedro-boot,2026-04-13,43
kedro-databricks,2026-04-13,557
kedro-docker,2026-04-13,286
kedro-kubeflow,2026-04-13,78
kedro-mlflow,2026-04-13,4939
kedro-sagemaker,2026-04-13,38
kedro-vertexai,2026-04-13,222
kedro-airflow,2026-04-14,346
kedro-azureml,2026-04-14,7
kedro-boot,2026-04-14,18
kedro-databricks,2026-04-14,453
kedro-docker,2026-04-14,308
kedro-kubeflow,2026-04-14,56
kedro-mlflow,2026-04-14,5896
kedro-sagemaker,2026-04-14,27
kedro-vertexai,2026-04-14,53
kedro-airflow,2026-04-15,453
kedro-azureml,2026-04-15,18
kedro-boot,2026-04-15,26
kedro-databricks,2026-04-15,758
kedro-docker,2026-04-15,261
kedro-kubeflow,2026-04-15,34
kedro-mlflow,2026-04-15,4734
kedro-sagemaker,2026-04-15,21
kedro-vertexai,2026-04-15,96
kedro-airflow,2026-04-16,460
kedro-azureml,2026-04-16,92
kedro-boot,2026-04-16,72
kedro-databricks,2026-04-16,637
kedro-docker,2026-04-16,244
kedro-kubeflow,2026-04-16,48
kedro-mlflow,2026-04-16,4705
kedro-sagemaker,2026-04-16,44
kedro-vertexai,2026-04-16,111
kedro-airflow,2026-04-17,275
kedro-azureml,2026-04-17,41
kedro-boot,2026-04-17,7
kedro-databricks,2026-04-17,534
kedro-docker,2026-04-17,203
kedro-kubeflow,2026-04-17,29
kedro-mlflow,2026-04-17,2816
kedro-sagemaker,2026-04-17,19
kedro-vertexai,2026-04-17,15
kedro-airflow,2026-04-18,219
kedro-azureml,2026-04-18,109
kedro-boot,2026-04-18,56
kedro-databricks,2026-04-18,344
kedro-docker,2026-04-18,175
kedro-kubeflow,2026-04-18,8
kedro-mlflow,2026-04-18,2125
kedro-sagemaker,2026-04-18,29
kedro-vertexai,2026-04-18,8
kedro-airflow,2026-04-19,76
kedro-azureml,2026-04-19,6
kedro-boot,2026-04-19,3
kedro-databricks,2026-04-19,166
kedro-docker,2026-04-19,115
kedro-kubeflow,2026-04-19,1
kedro-mlflow,2026-04-19,1872
kedro-sagemaker,2026-04-19,46
kedro-vertexai,2026-04-19,4
kedro-airflow,2026-04-20,404
kedro-azureml,2026-04-20,216
kedro-boot,2026-04-20,63
kedro-databricks,2026-04-20,978
kedro-docker,2026-04-20,286
kedro-kubeflow,2026-04-20,115
kedro-mlflow,2026-04-20,3967
kedro-sagemaker,2026-04-20,88
kedro-vertexai,2026-04-20,190
kedro-airflow,2026-04-21,342
kedro-azureml,2026-04-21,131
kedro-boot,2026-04-21,32
kedro-databricks,2026-04-21,553
kedro-docker,2026-04-21,317
kedro-kubeflow,2026-04-21,39
kedro-mlflow,2026-04-21,4311
kedro-sagemaker,2026-04-21,44
kedro-vertexai,2026-04-21,126
kedro-airflow,2026-04-22,293
kedro-azureml,2026-04-22,136
kedro-boot,2026-04-22,64
kedro-databricks,2026-04-22,540
kedro-docker,2026-04-22,254
kedro-kubeflow,2026-04-22,67
kedro-mlflow,2026-04-22,3499
kedro-sagemaker,2026-04-22,48
kedro-vertexai,2026-04-22,109
kedro-airflow,2026-04-23,257
kedro-azureml,2026-04-23,6
kedro-boot,2026-04-23,6
kedro-databricks,2026-04-23,311
kedro-docker,2026-04-23,224
kedro-kubeflow,2026-04-23,18
kedro-mlflow,2026-04-23,3367
kedro-sagemaker,2026-04-23,10
kedro-vertexai,2026-04-23,105
kedro-airflow,2026-04-24,195
kedro-azureml,2026-04-24,6
kedro-boot,2026-04-24,6
kedro-databricks,2026-04-24,379
kedro-docker,2026-04-24,196
kedro-kubeflow,2026-04-24,3
kedro-mlflow,2026-04-24,3467
kedro-sagemaker,2026-04-24,11
kedro-vertexai,2026-04-24,115
kedro-airflow,2026-04-25,67
kedro-azureml,2026-04-25,2
kedro-databricks,2026-04-25,162
kedro-docker,2026-04-25,109
kedro-kubeflow,2026-04-25,190
kedro-mlflow,2026-04-25,1998
kedro-vertexai,2026-04-25,3
kedro-airflow,2026-04-26,105
kedro-azureml,2026-04-26,38
kedro-boot,2026-04-26,17
kedro-databricks,2026-04-26,496
kedro-docker,2026-04-26,228
kedro-kubeflow,2026-04-26,40
kedro-mlflow,2026-04-26,1799
kedro-sagemaker,2026-04-26,19
kedro-vertexai,2026-04-26,39
kedro-airflow,2026-04-27,235
kedro-azureml,2026-04-27,40
kedro-boot,2026-04-27,17
kedro-databricks,2026-04-27,860
kedro-docker,2026-04-27,246
kedro-kubeflow,2026-04-27,254
kedro-mlflow,2026-04-27,2796
kedro-sagemaker,2026-04-27,16
kedro-vertexai,2026-04-27,44
kedro-airflow,2026-04-28,157
kedro-azureml,2026-04-28,5
kedro-boot,2026-04-28,13
kedro-databricks,2026-04-28,577
kedro-docker,2026-04-28,294
kedro-kubeflow,2026-04-28,334
kedro-mlflow,2026-04-28,3331
kedro-sagemaker,2026-04-28,4
kedro-vertexai,2026-04-28,50
kedro-airflow,2026-04-29,182
kedro-azureml,2026-04-29,17
kedro-boot,2026-04-29,28
kedro-databricks,2026-04-29,421
kedro-docker,2026-04-29,322
kedro-kubeflow,2026-04-29,158
kedro-mlflow,2026-04-29,6048
kedro-sagemaker,2026-04-29,15
kedro-vertexai,2026-04-29,33
kedro-airflow,2026-04-30,336
kedro-azureml,2026-04-30,42
kedro-boot,2026-04-30,21
kedro-databricks,2026-04-30,388
kedro-docker,2026-04-30,304
kedro-kubeflow,2026-04-30,32
kedro-mlflow,2026-04-30,4270
kedro-sagemaker,2026-04-30,28
kedro-vertexai,2026-04-30,37
kedro-airflow,2026-05-01,79
kedro-azureml,2026-05-01,6
kedro-boot,2026-05-01,1
kedro-databricks,2026-05-01,197
kedro-docker,2026-05-01,186
kedro-kubeflow,2026-05-01,17
kedro-mlflow,2026-05-01,2033
kedro-sagemaker,2026-05-01,1
kedro-vertexai,2026-05-01,2
kedro-airflow,2026-05-02,75
kedro-azureml,2026-05-02,3
kedro-boot,2026-05-02,1
kedro-databricks,2026-05-02,191
kedro-docker,2026-05-02,96
kedro-kubeflow,2026-05-02,37
kedro-mlflow,2026-05-02,1782
kedro-sagemaker,2026-05-02,3
kedro-vertexai,2026-05-02,4
kedro-airflow,2026-05-03,77
kedro-databricks,2026-05-03,185
kedro-docker,2026-05-03,102
kedro-kubeflow,2026-05-03,72
kedro-mlflow,2026-05-03,1764
kedro-vertexai,2026-05-03,2
kedro-airflow,2026-05-04,192
kedro-azureml,2026-05-04,10
kedro-boot,2026-05-04,8
kedro-databricks,2026-05-04,338
kedro-docker,2026-05-04,289
kedro-kubeflow,2026-05-04,168
kedro-mlflow,2026-05-04,3393
kedro-sagemaker,2026-05-04,5
kedro-vertexai,2026-05-04,69
kedro-airflow,2026-05-05,194
kedro-azureml,2026-05-05,13
kedro-boot,2026-05-05,25
kedro-databricks,2026-05-05,295
kedro-docker,2026-05-05,201
kedro-kubeflow,2026-05-05,78
kedro-mlflow,2026-05-05,3319
kedro-sagemaker,2026-05-05,15
kedro-vertexai,2026-05-05,105
kedro-airflow,2026-05-06,242
kedro-azureml,2026-05-06,41
kedro-boot,2026-05-06,49
kedro-databricks,2026-05-06,286
kedro-docker,2026-05-06,260
kedro-kubeflow,2026-05-06,50
kedro-mlflow,2026-05-06,3536
kedro-sagemaker,2026-05-06,25
kedro-vertexai,2026-05-06,113
kedro-airflow,2026-05-07,433
kedro-azureml,2026-05-07,11
kedro-boot,2026-05-07,13
kedro-databricks,2026-05-07,241
kedro-docker,2026-05-07,279
kedro-kubeflow,2026-05-07,45
kedro-mlflow,2026-05-07,3721
kedro-sagemaker,2026-05-07,29
kedro-vertexai,2026-05-07,160
kedro-airflow,2026-05-08,465
kedro-azureml,2026-05-08,21
kedro-boot,2026-05-08,6
kedro-databricks,2026-05-08,330
kedro-docker,2026-05-08,167
kedro-kubeflow,2026-05-08,140
kedro-mlflow,2026-05-08,3892
kedro-sagemaker,2026-05-08,20
kedro-vertexai,2026-05-08,114
kedro-airflow,2026-05-09,330
kedro-azureml,2026-05-09,25
kedro-boot,2026-05-09,18
kedro-databricks,2026-05-09,382
kedro-docker,2026-05-09,150
kedro-kubeflow,2026-05-09,61
kedro-mlflow,2026-05-09,2531
kedro-sagemaker,2026-05-09,30
kedro-vertexai,2026-05-09,24
kedro-airflow,2026-05-10,158
kedro-azureml,2026-05-10,27
kedro-boot,2026-05-10,10
kedro-databricks,2026-05-10,186
kedro-docker,2026-05-10,157
kedro-kubeflow,2026-05-10,32
kedro-mlflow,2026-05-10,2420
kedro-sagemaker,2026-05-10,9
kedro-vertexai,2026-05-10,65
kedro-airflow,2026-05-11,110
kedro-azureml,2026-05-11,2
kedro-boot,2026-05-11,2
kedro-databricks,2026-05-11,68
kedro-docker,2026-05-11,14
kedro-mlflow,2026-05-11,1146
kedro-sagemaker,2026-05-11,11
kedro-vertexai,2026-05-11,19
